ID	NO	START 0	LOG T ENG F ALL	Q 0	CF 0	LOG T JAM F ALL	Q 1	CF 1	LOG T BOS F ALL	Q 2	CF 2	NOTE 0	LOG T NYC F ALL	Q 3	CF 3	ALL T ENG F SWI	LOG T ENG F SWI	MAH T ENG F SWI	CF 4	ALL T ENG F HON	LOG T ENG F HON	MAH T ENG F HON	CF 5	ALL T ENG F MOS	LOG T ENG F MOS	MAH T ENG F MOS	CF 6	ALL T SCOT F HON	LOG T SCOT F HON	MAH T SCOT F HON	CF 7	ALL T GB F FWI	LOG T GB F FWI	MAH T GB F FWI	CF 8	ALL T GB F BWI	LOG T GB F BWI	MAH T GB F BWI	CF 9	ALL T GB F HON 0	LOG T GB F HON	MAH T GB F HON	CF 10	ALL T HON F ALL 1	ALL T ALL F HON 1	ALL T ALL F HON REEXP 1	ALL T HON F GB 1	ALL T GB F HON 1	CF 11	NOTE 1	ALL T HON F ALL 2	ALL T ALL F HON 2	ALL T ALL F HON REEXP 2	ALL T HON F GB 2	ALL T GB F HON 2	CF 12	NOTE 2	END	
T 0	0	1670	xnp	xnp	xnp	xnp	xnp	xnp	xnp	xnp	xnp	xnp	xnp	xnp	xnp	xnp	xnp	xnp	xnp	xnp	xnp	xnp	xnp	xnp	xnp	xnp	xnp	xnp	xnp	xnp	xnp	xnp	xnp	xnp	xnp	xnp	xnp	xnp	xnp	xnp	xnp	xnp	xnp	xnp	xnp	xnp	xnp	xnp	xnp	xnp	xnp	xnp	xnp	xnp	xnp	xnp	xnp	###	
T 2	2	1671	460	2.0	CO 1/43 f 59 [f Jam]	xnp	xnp	xnp	xnp	xnp	xnp	xnp	xnp	xnp	xnp	xnp	xnp	xnp	xnp	xnp	xnp	xnp	xnp	xnp	xnp	xnp	xnp	xnp	xnp	xnp	xnp	xnp	xnp	xnp	xnp	xnp	xnp	xnp	xnp	xnp	xnp	xnp	xnp	xnp	xnp	xnp	xnp	xnp	xnp	xnp	xnp	xnp	xnp	xnp	xnp	xnp	xnp	###	
T 4	4	1672	920	4.0	CO 1/43 f 59 [f Jam]	xnp	xnp	xnp	xnp	xnp	xnp	xnp	xnp	xnp	xnp	xnp	xnp	xnp	xnp	xnp	xnp	xnp	xnp	xnp	xnp	xnp	xnp	xnp	xnp	xnp	xnp	xnp	xnp	xnp	xnp	xnp	xnp	xnp	xnp	xnp	xnp	xnp	xnp	xnp	xnp	xnp	xnp	xnp	xnp	xnp	xnp	xnp	xnp	xnp	xnp	xnp	xnp	###	
T 6	6	1673	920	4.0	CO 1/43 f 59 [f Jam]	xnp	xnp	xnp	xnp	xnp	xnp	xnp	xnp	xnp	xnp	xnp	xnp	xnp	xnp	xnp	xnp	xnp	xnp	xnp	xnp	xnp	xnp	xnp	xnp	xnp	xnp	xnp	xnp	xnp	xnp	xnp	xnp	xnp	xnp	xnp	xnp	xnp	xnp	xnp	xnp	xnp	xnp	xnp	xnp	xnp	xnp	xnp	xnp	xnp	xnp	xnp	xnp	###	
T 8	8	1674	920	4.0	CO 1/43 f 59 [f Jam]	xnp	xnp	xnp	xnp	xnp	xnp	xnp	xnp	xnp	xnp	xnp	xnp	xnp	xnp	xnp	xnp	xnp	xnp	xnp	xnp	xnp	xnp	xnp	xnp	xnp	xnp	xnp	xnp	xnp	xnp	xnp	xnp	xnp	xnp	xnp	xnp	xnp	xnp	xnp	xnp	xnp	xnp	xnp	xnp	xnp	xnp	xnp	xnp	xnp	xnp	xnp	xnp	###	
T 10	10	1675	430	4.0	CO 1/43 f 59 [f Jam]	xnp	xnp	xnp	xnp	xnp	xnp	xnp	xnp	xnp	xnp	xnp	xnp	xnp	xnp	xnp	xnp	xnp	xnp	xnp	xnp	xnp	xnp	xnp	xnp	xnp	xnp	xnp	xnp	xnp	xnp	xnp	xnp	xnp	xnp	xnp	xnp	xnp	xnp	xnp	xnp	xnp	xnp	xnp	xnp	xnp	xnp	xnp	xnp	xnp	xnp	xnp	xnp	###	
T 12	12	1676	430	4.0	CO 1/43 f 59 [f Jam]	xnp	xnp	xnp	xnp	xnp	xnp	xnp	xnp	xnp	xnp	xnp	xnp	xnp	xnp	xnp	xnp	xnp	xnp	xnp	xnp	xnp	xnp	xnp	xnp	xnp	xnp	xnp	xnp	xnp	xnp	xnp	xnp	xnp	xnp	xnp	xnp	xnp	xnp	xnp	xnp	xnp	xnp	xnp	xnp	xnp	xnp	xnp	xnp	xnp	xnp	xnp	xnp	###	
T 14	14	1677	430	4.0	CO 1/43 f 59 [f Jam]	xnp	xnp	xnp	xnp	xnp	xnp	xnp	xnp	xnp	xnp	xnp	xnp	xnp	xnp	xnp	xnp	xnp	xnp	xnp	xnp	xnp	xnp	xnp	xnp	xnp	xnp	xnp	xnp	xnp	xnp	xnp	xnp	xnp	xnp	xnp	xnp	xnp	xnp	xnp	xnp	xnp	xnp	xnp	xnp	xnp	xnp	xnp	xnp	xnp	xnp	xnp	xnp	###	
T 16	16	1678	554	4.0	CO 1/43 f 59 [f Jam]	xnp	xnp	xnp	xnp	xnp	xnp	xnp	xnp	xnp	xnp	xnp	xnp	xnp	xnp	xnp	xnp	xnp	xnp	xnp	xnp	xnp	xnp	xnp	xnp	xnp	xnp	xnp	xnp	xnp	xnp	xnp	xnp	xnp	xnp	xnp	xnp	xnp	xnp	xnp	xnp	xnp	xnp	xnp	xnp	xnp	xnp	xnp	xnp	xnp	xnp	xnp	xnp	###	
T 18	18	1679	xnp	xnp	xnp	xnp	xnp	xnp	xnp	xnp	xnp	xnp	xnp	xnp	xnp	xnp	xnp	xnp	xnp	xnp	xnp	xnp	xnp	xnp	xnp	xnp	xnp	xnp	xnp	xnp	xnp	xnp	xnp	xnp	xnp	xnp	xnp	xnp	xnp	xnp	xnp	xnp	xnp	xnp	xnp	xnp	xnp	xnp	xnp	xnp	xnp	xnp	xnp	xnp	xnp	xnp	xnp	###	
T 20	20	1680	xnp	xnp	xnp	xnp	xnp	xnp	xnp	xnp	xnp	xnp	xnp	xnp	xnp	xnp	xnp	xnp	xnp	xnp	xnp	xnp	xnp	xnp	xnp	xnp	xnp	xnp	xnp	xnp	xnp	xnp	xnp	xnp	xnp	xnp	xnp	xnp	xnp	xnp	xnp	xnp	xnp	xnp	xnp	xnp	xnp	xnp	xnp	xnp	xnp	xnp	xnp	xnp	xnp	xnp	xnp	###	
T 22	22	1681	xnp	xnp	xnp	xnp	xnp	xnp	xnp	xnp	xnp	xnp	xnp	xnp	xnp	xnp	xnp	xnp	xnp	xnp	xnp	xnp	xnp	xnp	xnp	xnp	xnp	xnp	xnp	xnp	xnp	xnp	xnp	xnp	xnp	xnp	xnp	xnp	xnp	xnp	xnp	xnp	xnp	xnp	xnp	xnp	xnp	xnp	xnp	xnp	xnp	xnp	xnp	xnp	xnp	xnp	xnp	###	
T 24	24	1682	623	4.0	CO 142/13 [f Jam]	xnp	xnp	xnp	xnp	xnp	xnp	xnp	xnp	xnp	xnp	xnp	xnp	xnp	xnp	xnp	xnp	xnp	xnp	xnp	xnp	xnp	xnp	xnp	xnp	xnp	xnp	xnp	xnp	xnp	xnp	xnp	xnp	xnp	xnp	xnp	xnp	xnp	xnp	xnp	xnp	xnp	xnp	xnp	xnp	xnp	xnp	xnp	xnp	xnp	xnp	xnp	xnp	###	
T 26	26	1683	506	4.0	CO 142/13 [f Jam]	0.0	1.0	CO 142/13	xnp	xnp	xnp	xnp	xnp	xnp	xnp	xnp	xnp	xnp	xnp	xnp	xnp	xnp	xnp	xnp	xnp	xnp	xnp	xnp	xnp	xnp	xnp	xnp	xnp	xnp	xnp	xnp	xnp	xnp	xnp	xnp	xnp	xnp	xnp	xnp	xnp	xnp	xnp	xnp	xnp	xnp	xnp	xnp	xnp	xnp	xnp	xnp	xnp	###	
T 28	28	1684	xnp	xnp	xnp	300.0	1.0	CO 142/13	xnp	xnp	xnp	xnp	xnp	xnp	xnp	xnp	xnp	xnp	xnp	xnp	xnp	xnp	xnp	xnp	xnp	xnp	xnp	xnp	xnp	xnp	xnp	xnp	xnp	xnp	xnp	xnp	xnp	xnp	xnp	xnp	xnp	xnp	xnp	xnp	xnp	xnp	xnp	xnp	xnp	xnp	xnp	xnp	xnp	xnp	xnp	xnp	xnp	###	
T 30	30	1685	xnp	xnp	xnp	40.0	1.0	CO 142/13	xnp	xnp	xnp	xnp	xnp	xnp	xnp	xnp	xnp	xnp	xnp	xnp	xnp	xnp	xnp	xnp	xnp	xnp	xnp	xnp	xnp	xnp	xnp	xnp	xnp	xnp	xnp	xnp	xnp	xnp	xnp	xnp	xnp	xnp	xnp	xnp	xnp	xnp	xnp	xnp	xnp	xnp	xnp	xnp	xnp	xnp	xnp	xnp	xnp	###	
T 32	32	1686	651	4.0	CO 142/13 [f Jam]	221.5	4.0	CO 142/13	xnp	xnp	xnp	xnp	xnp	xnp	xnp	xnp	xnp	xnp	xnp	xnp	xnp	xnp	xnp	xnp	xnp	xnp	xnp	xnp	xnp	xnp	xnp	xnp	xnp	xnp	xnp	xnp	xnp	xnp	xnp	xnp	xnp	xnp	xnp	xnp	xnp	xnp	xnp	xnp	xnp	xnp	xnp	xnp	xnp	xnp	xnp	xnp	xnp	###	
T 34	34	1687	506	4.0	CO 142/13 [f Jam]	141.0	4.0	CO 142/13	xnp	xnp	xnp	xnp	xnp	xnp	xnp	xnp	xnp	xnp	xnp	xnp	xnp	xnp	xnp	xnp	xnp	xnp	xnp	xnp	xnp	xnp	xnp	xnp	xnp	xnp	xnp	xnp	xnp	xnp	xnp	xnp	xnp	xnp	xnp	xnp	xnp	xnp	xnp	xnp	xnp	xnp	xnp	xnp	xnp	xnp	xnp	xnp	xnp	###	
T 36	36	1688	"1,079"	4.0	CO 142/13 [f Jam]	881.0	4.0	CO 142/13	xnp	xnp	xnp	xnp	xnp	xnp	xnp	xnp	xnp	xnp	xnp	xnp	xnp	xnp	xnp	xnp	xnp	xnp	xnp	xnp	xnp	xnp	xnp	xnp	xnp	xnp	xnp	xnp	xnp	xnp	xnp	xnp	xnp	xnp	xnp	xnp	xnp	xnp	xnp	xnp	xnp	xnp	xnp	xnp	xnp	xnp	xnp	xnp	xnp	###	
T 38	38	1689	"1,132"	4.0	CO 142/13 [f Jam]	520.0	4.0	CO 142/13	xnp	xnp	xnp	xnp	xnp	xnp	xnp	xnp	xnp	xnp	xnp	xnp	xnp	xnp	xnp	xnp	xnp	xnp	xnp	xnp	xnp	xnp	xnp	xnp	xnp	xnp	xnp	xnp	xnp	xnp	xnp	xnp	xnp	xnp	xnp	xnp	xnp	xnp	xnp	xnp	xnp	xnp	xnp	xnp	xnp	xnp	xnp	xnp	xnp	###	
T 40	40	1690	xnp	xnp	xnp	160.0	4.0	CO 142/13	xnp	xnp	xnp	xnp	xnp	xnp	xnp	xnp	xnp	xnp	xnp	xnp	xnp	xnp	xnp	xnp	xnp	xnp	xnp	xnp	xnp	xnp	xnp	xnp	xnp	xnp	xnp	xnp	xnp	xnp	xnp	xnp	xnp	xnp	xnp	xnp	xnp	xnp	xnp	xnp	xnp	xnp	xnp	xnp	xnp	xnp	xnp	xnp	xnp	###	
T 42	42	1691	xnp	xnp	xnp	0.0	4.0	CO 142/13	xnp	xnp	xnp	xnp	xnp	xnp	xnp	xnp	xnp	xnp	xnp	xnp	xnp	xnp	xnp	xnp	xnp	xnp	xnp	xnp	xnp	xnp	xnp	xnp	xnp	xnp	xnp	xnp	xnp	xnp	xnp	xnp	xnp	xnp	xnp	xnp	xnp	xnp	xnp	xnp	xnp	xnp	xnp	xnp	xnp	xnp	xnp	xnp	xnp	###	
T 44	44	1692	xnp	xnp	xnp	30.0	1.0	CO 142/13	xnp	xnp	xnp	xnp	xnp	xnp	xnp	xnp	xnp	xnp	xnp	xnp	xnp	xnp	xnp	xnp	xnp	xnp	xnp	xnp	xnp	xnp	xnp	xnp	xnp	xnp	xnp	xnp	xnp	xnp	xnp	xnp	xnp	xnp	xnp	xnp	xnp	xnp	xnp	xnp	xnp	xnp	xnp	xnp	xnp	xnp	xnp	xnp	xnp	###	
T 46	46	1693	xnp	xnp	xnp	xnp	xnp	xnp	xnp	xnp	xnp	xnp	xnp	xnp	xnp	xnp	xnp	xnp	xnp	xnp	xnp	xnp	xnp	xnp	xnp	xnp	xnp	xnp	xnp	xnp	xnp	xnp	xnp	xnp	xnp	xnp	xnp	xnp	xnp	xnp	xnp	xnp	xnp	xnp	xnp	xnp	xnp	xnp	xnp	xnp	xnp	xnp	xnp	xnp	xnp	xnp	xnp	###	
T 48	48	1694	xnp	xnp	xnp	xnp	xnp	xnp	xnp	xnp	xnp	xnp	xnp	xnp	xnp	xnp	xnp	xnp	xnp	xnp	xnp	xnp	xnp	xnp	xnp	xnp	xnp	xnp	xnp	xnp	xnp	xnp	xnp	xnp	xnp	xnp	xnp	xnp	xnp	xnp	xnp	xnp	xnp	xnp	xnp	xnp	xnp	xnp	xnp	xnp	xnp	xnp	xnp	xnp	xnp	xnp	xnp	###	
T 50	50	1695	xnp	xnp	xnp	xnp	xnp	xnp	xnp	xnp	xnp	xnp	xnp	xnp	xnp	xnp	xnp	xnp	xnp	xnp	xnp	xnp	xnp	xnp	xnp	xnp	xnp	xnp	xnp	xnp	xnp	xnp	xnp	xnp	xnp	xnp	xnp	xnp	xnp	xnp	xnp	xnp	xnp	xnp	xnp	xnp	xnp	xnp	xnp	xnp	xnp	xnp	xnp	xnp	xnp	xnp	xnp	###	
T 52	52	1696	xnp	xnp	xnp	xnp	xnp	xnp	xnp	xnp	xnp	xnp	xnp	xnp	xnp	xnp	xnp	xnp	xnp	xnp	xnp	xnp	xnp	xnp	xnp	xnp	xnp	xnp	xnp	xnp	xnp	xnp	xnp	xnp	xnp	xnp	xnp	xnp	xnp	xnp	xnp	xnp	xnp	xnp	xnp	xnp	xnp	xnp	xnp	xnp	xnp	xnp	xnp	xnp	xnp	xnp	xnp	###	
T 54	54	1697	622.56	4.0	CUST 3/81	xnp	xnp	xnp	xnp	xnp	xnp	xnp	xnp	xnp	xnp	xnp	xnp	xnp	xnp	xnp	xnp	xnp	xnp	xnp	xnp	xnp	xnp	xnp	xnp	xnp	xnp	xnp	xnp	xnp	xnp	xnp	xnp	xnp	xnp	xnp	xnp	xnp	xnp	xnp	xnp	xnp	xnp	xnp	xnp	xnp	xnp	xnp	xnp	xnp	xnp	xnp	xnp	###	
T 56	56	1698	"1,067.00"	4.0	CUST 3/1	xnp	xnp	xnp	xnp	xnp	xnp	xnp	xnp	xnp	xnp	xnp	xnp	xnp	xnp	xnp	xnp	xnp	xnp	xnp	xnp	xnp	xnp	xnp	xnp	xnp	xnp	xnp	xnp	xnp	xnp	xnp	xnp	xnp	xnp	xnp	xnp	xnp	xnp	xnp	xnp	xnp	xnp	xnp	xnp	xnp	xnp	xnp	xnp	xnp	xnp	xnp	xnp	###	
T 58	58	1699	"2,843.09"	4.0	CUST 3/3	xnp	xnp	xnp	xnp	xnp	xnp	xnp	xnp	xnp	xnp	xnp	xnp	xnp	xnp	xnp	xnp	xnp	xnp	xnp	xnp	xnp	xnp	xnp	xnp	xnp	xnp	xnp	xnp	xnp	xnp	xnp	xnp	xnp	xnp	xnp	xnp	xnp	xnp	xnp	xnp	xnp	xnp	xnp	xnp	xnp	xnp	xnp	xnp	xnp	xnp	xnp	xnp	###	
T 60	60	1700	"6,618.30"	4.0	CUST 3/4	xnp	xnp	xnp	xnp	xnp	xnp	xnp	xnp	xnp	xnp	xnp	xnp	xnp	xnp	xnp	xnp	xnp	xnp	xnp	xnp	xnp	xnp	xnp	xnp	xnp	xnp	xnp	xnp	xnp	xnp	xnp	xnp	xnp	xnp	xnp	xnp	xnp	xnp	xnp	xnp	xnp	xnp	xnp	xnp	xnp	xnp	xnp	xnp	xnp	xnp	xnp	xnp	###	
T 62	62	1701	"4,791.55"	4.0	CUST 3/5	xnp	xnp	xnp	xnp	xnp	xnp	xnp	xnp	xnp	xnp	xnp	xnp	xnp	xnp	xnp	xnp	xnp	xnp	xnp	xnp	xnp	xnp	xnp	xnp	xnp	xnp	xnp	xnp	xnp	xnp	xnp	xnp	xnp	xnp	xnp	xnp	xnp	xnp	xnp	xnp	xnp	xnp	xnp	xnp	xnp	xnp	xnp	xnp	xnp	xnp	xnp	xnp	###	
T 64	64	1702	"4,434.48"	4.0	CUST 3/6	xnp	xnp	xnp	xnp	xnp	xnp	xnp	xnp	xnp	xnp	xnp	xnp	xnp	xnp	xnp	xnp	xnp	xnp	xnp	xnp	xnp	xnp	xnp	xnp	xnp	xnp	xnp	xnp	xnp	xnp	xnp	xnp	xnp	xnp	xnp	xnp	xnp	xnp	xnp	xnp	xnp	xnp	xnp	xnp	xnp	xnp	xnp	xnp	xnp	xnp	xnp	xnp	###	
T 66	66	1703	"2,421.88"	4.0	CUST 3/7	xnp	xnp	xnp	xnp	xnp	xnp	xnp	xnp	xnp	xnp	xnp	xnp	xnp	xnp	xnp	xnp	xnp	xnp	xnp	xnp	xnp	xnp	xnp	xnp	xnp	xnp	xnp	xnp	xnp	xnp	xnp	xnp	xnp	xnp	xnp	xnp	xnp	xnp	xnp	xnp	xnp	xnp	xnp	xnp	xnp	xnp	xnp	xnp	xnp	xnp	xnp	xnp	###	
T 68	68	1704	"1,209.03"	4.0	CUST 3/8	xnp	xnp	xnp	xnp	xnp	xnp	xnp	xnp	xnp	xnp	xnp	xnp	xnp	xnp	xnp	xnp	xnp	xnp	xnp	xnp	xnp	xnp	xnp	xnp	xnp	xnp	xnp	xnp	xnp	xnp	xnp	xnp	xnp	xnp	xnp	xnp	xnp	xnp	xnp	xnp	xnp	xnp	xnp	xnp	xnp	xnp	xnp	xnp	xnp	xnp	xnp	xnp	###	
T 70	70	1705	xnp	xnp	xnp	xnp	xnp	xnp	xnp	xnp	xnp	xnp	xnp	xnp	xnp	xnp	xnp	xnp	xnp	xnp	xnp	xnp	xnp	xnp	xnp	xnp	xnp	xnp	xnp	xnp	xnp	xnp	xnp	xnp	xnp	xnp	xnp	xnp	xnp	xnp	xnp	xnp	xnp	xnp	xnp	xnp	xnp	xnp	xnp	xnp	xnp	xnp	xnp	xnp	xnp	xnp	xnp	###	
T 72	72	1706	320.95	4.0	CUST 3/9	xnp	xnp	xnp	xnp	xnp	xnp	xnp	xnp	xnp	xnp	xnp	xnp	xnp	xnp	xnp	xnp	xnp	xnp	xnp	xnp	xnp	xnp	xnp	xnp	xnp	xnp	xnp	xnp	xnp	xnp	xnp	xnp	xnp	xnp	xnp	xnp	xnp	xnp	xnp	xnp	xnp	xnp	xnp	xnp	xnp	xnp	xnp	xnp	xnp	xnp	xnp	xnp	###	
T 74	74	1707	829.47	4.0	CUST 3/10	xnp	xnp	xnp	xnp	xnp	xnp	xnp	xnp	xnp	xnp	xnp	xnp	xnp	xnp	xnp	xnp	xnp	xnp	xnp	xnp	xnp	xnp	xnp	xnp	xnp	xnp	xnp	xnp	xnp	xnp	xnp	xnp	xnp	xnp	xnp	xnp	xnp	xnp	xnp	xnp	xnp	xnp	xnp	xnp	xnp	xnp	xnp	xnp	xnp	xnp	xnp	xnp	###	
T 76	76	1708	"1,289.52"	4.0	CUST 3/11	xnp	xnp	xnp	xnp	xnp	xnp	xnp	xnp	xnp	xnp	xnp	xnp	xnp	xnp	xnp	xnp	xnp	xnp	xnp	xnp	xnp	xnp	xnp	xnp	xnp	xnp	xnp	xnp	xnp	xnp	xnp	xnp	xnp	xnp	xnp	xnp	xnp	xnp	xnp	xnp	xnp	xnp	xnp	xnp	xnp	xnp	xnp	xnp	xnp	xnp	xnp	xnp	###	
T 78	78	1709	825.73	4.0	CUST 3/12	321.5	3.0	CO 142/14	xnp	xnp	xnp	xnp	xnp	xnp	xnp	xnp	xnp	xnp	xnp	xnp	xnp	xnp	xnp	xnp	xnp	xnp	xnp	xnp	xnp	xnp	xnp	xnp	xnp	xnp	xnp	xnp	xnp	xnp	xnp	xnp	xnp	xnp	xnp	xnp	xnp	xnp	xnp	xnp	xnp	xnp	xnp	xnp	xnp	xnp	xnp	xnp	xnp	###	
T 80	80	1710	653.33	4.0	CUST 3/13	372.0	4.0	CO 142/14	xnp	xnp	xnp	xnp	xnp	xnp	xnp	xnp	xnp	xnp	xnp	xnp	xnp	xnp	xnp	xnp	xnp	xnp	xnp	xnp	xnp	xnp	xnp	xnp	xnp	xnp	xnp	xnp	xnp	xnp	xnp	xnp	xnp	xnp	xnp	xnp	xnp	xnp	xnp	xnp	xnp	xnp	xnp	xnp	xnp	xnp	xnp	xnp	xnp	###	
T 82	82	1711	470.33	4.0	CUST 3/14	239.0	3.0	CO 142/14	xnp	xnp	xnp	xnp	xnp	xnp	xnp	xnp	xnp	xnp	xnp	xnp	xnp	xnp	xnp	xnp	xnp	xnp	xnp	xnp	xnp	xnp	xnp	xnp	xnp	xnp	xnp	xnp	xnp	xnp	xnp	xnp	xnp	xnp	xnp	xnp	xnp	xnp	xnp	xnp	xnp	xnp	xnp	xnp	xnp	xnp	xnp	xnp	xnp	###	
T 84	84	1712	xnp	xnp	xnp	0.0	3.0	CO 142/14	xnp	xnp	xnp	xnp	xnp	xnp	xnp	xnp	xnp	xnp	xnp	xnp	xnp	xnp	xnp	xnp	xnp	xnp	xnp	xnp	xnp	xnp	xnp	xnp	xnp	xnp	xnp	xnp	xnp	xnp	xnp	xnp	xnp	xnp	xnp	xnp	xnp	xnp	xnp	xnp	xnp	xnp	xnp	xnp	xnp	xnp	xnp	xnp	xnp	###	
T 86	86	1713	"2,189.80"	4.0	CUST 3/15	0.0	4.0	CO 142/14	xnp	xnp	xnp	xnp	xnp	xnp	xnp	£0.00	£0.00	£0.00	CUST 3/15	xnp	xnp	xnp	xnp	xnp	xnp	xnp	xnp	xnp	xnp	xnp	xnp	xnp	xnp	xnp	xnp	xnp	xnp	xnp	xnp	xnp	xnp	xnp	xnp	xnp	xnp	xnp	xnp	xnp	xnp	xnp	xnp	xnp	xnp	xnp	xnp	xnp	xnp	###	
T 88	88	1714	"4,766.50"	4.0	CUST 3/16	xnp	xnp	xnp	"1,434.0"	4.0	CO 5/848	xnp	xnp	xnp	xnp	£0.00	£0.00	£0.00	CUST 3/16	xnp	xnp	xnp	xnp	xnp	xnp	xnp	xnp	xnp	xnp	xnp	xnp	xnp	xnp	xnp	xnp	xnp	xnp	xnp	xnp	xnp	xnp	xnp	xnp	xnp	xnp	xnp	xnp	xnp	xnp	xnp	xnp	xnp	xnp	xnp	xnp	xnp	xnp	###	
T 90	90	1715	"5,859.67"	4.0	CUST 3/17	xnp	xnp	xnp	969.0	4.0	CO 5/848	xnp	440.0	2.0	CO 5/1222	xnp	xnp	xnp	xnp	xnp	xnp	xnp	xnp	xnp	xnp	xnp	xnp	xnp	xnp	xnp	xnp	xnp	xnp	xnp	xnp	xnp	xnp	xnp	xnp	xnp	xnp	xnp	xnp	xnp	xnp	xnp	xnp	xnp	xnp	xnp	xnp	xnp	xnp	xnp	xnp	xnp	xnp	###	
T 92	92	1716	"2,055.62"	4.0	CUST 3/18	xnp	xnp	xnp	275.0	4.0	CO 5/848	xnp	127.0	4.0	CO 5/1222	xnp	xnp	xnp	xnp	xnp	xnp	xnp	xnp	xnp	xnp	xnp	xnp	xnp	xnp	xnp	xnp	xnp	xnp	xnp	xnp	xnp	xnp	xnp	xnp	xnp	xnp	xnp	xnp	xnp	xnp	xnp	xnp	xnp	xnp	xnp	xnp	xnp	xnp	xnp	xnp	xnp	xnp	###	
T 94	94	1717	"1,148.45"	4.0	CUST 3/19	xnp	xnp	xnp	60.0	2.0	CO 5/848	xnp	60.0	4.0	CO 5/1222	xnp	xnp	xnp	xnp	xnp	xnp	xnp	xnp	xnp	xnp	xnp	xnp	xnp	xnp	xnp	xnp	xnp	xnp	xnp	xnp	xnp	xnp	xnp	xnp	xnp	xnp	xnp	xnp	xnp	xnp	xnp	xnp	xnp	xnp	xnp	xnp	xnp	xnp	xnp	xnp	xnp	xnp	###	
T 96	96	1718	"1,174.86"	4.0	CUST 3/20	45.0	3.0	CO 142/14	0.0	1.5	CO 5/848	"40 tonnes Log total, all fm Hon, t Bos 24 Jun 1717 to 24 Jun 1718 /CO 5/867 Part 1 / Possibly in CO 5/848 for 1717"	13.5	4.0	CO 5/1222	xnp	xnp	xnp	xnp	xnp	xnp	xnp	xnp	xnp	xnp	xnp	xnp	xnp	xnp	xnp	xnp	xnp	xnp	xnp	xnp	xnp	xnp	xnp	xnp	xnp	xnp	xnp	xnp	xnp	xnp	xnp	xnp	xnp	xnp	xnp	xnp	xnp	xnp	xnp	xnp	xnp	xnp	###	
T 98	98	1719	739.63	4.0	CUST 3/21	40.0	4.0	CO 142/14	0.0	2.5	CO 5/848	xnp	60.0	4.0	CO 5/1222	xnp	xnp	xnp	xnp	xnp	xnp	xnp	xnp	xnp	xnp	xnp	xnp	xnp	xnp	xnp	xnp	xnp	xnp	xnp	xnp	xnp	xnp	xnp	xnp	xnp	xnp	xnp	xnp	xnp	xnp	xnp	xnp	xnp	xnp	xnp	xnp	xnp	xnp	xnp	xnp	xnp	xnp	###	
T 100	100	1720	342.75	4.0	CUST 3/22	35.0	2.0	CO 142/14	xnp	xnp	xnp	xnp	12.0	4.0	CO 5/1222	xnp	xnp	xnp	xnp	xnp	xnp	xnp	xnp	xnp	xnp	xnp	xnp	xnp	xnp	xnp	xnp	xnp	xnp	xnp	xnp	xnp	xnp	xnp	xnp	xnp	xnp	xnp	xnp	xnp	xnp	xnp	xnp	xnp	xnp	xnp	xnp	xnp	xnp	xnp	xnp	xnp	xnp	###	
T 102	102	1721	"1,798.03"	4.0	CUST 3/23	0.0	1.0	CO 142/14	xnp	xnp	xnp	xnp	92.0	4.0	CO 5/1222	xnp	xnp	xnp	xnp	xnp	xnp	xnp	xnp	xnp	xnp	xnp	xnp	xnp	xnp	xnp	xnp	xnp	xnp	xnp	xnp	xnp	xnp	xnp	xnp	xnp	xnp	xnp	xnp	xnp	xnp	xnp	xnp	xnp	xnp	xnp	xnp	xnp	xnp	xnp	xnp	xnp	xnp	###	
T 104	104	1722	"1,130.40"	4.0	CUST 3/24	xnp	xnp	xnp	xnp	xnp	xnp	xnp	266.0	4.0	CO 5/1222-3	xnp	xnp	xnp	xnp	xnp	xnp	xnp	xnp	xnp	xnp	xnp	xnp	xnp	xnp	xnp	xnp	xnp	xnp	xnp	xnp	xnp	xnp	xnp	xnp	xnp	xnp	xnp	xnp	xnp	xnp	xnp	xnp	xnp	xnp	xnp	xnp	xnp	xnp	xnp	xnp	xnp	xnp	###	
T 106	106	1723	"2,273.60"	4.0	CUST 3/25	xnp	xnp	xnp	xnp	xnp	xnp	xnp	223.0	4.0	CO 5/1223	xnp	xnp	xnp	xnp	xnp	xnp	xnp	xnp	xnp	xnp	xnp	xnp	xnp	xnp	xnp	xnp	xnp	xnp	xnp	xnp	xnp	xnp	xnp	xnp	xnp	xnp	xnp	xnp	xnp	xnp	xnp	xnp	xnp	xnp	xnp	xnp	xnp	xnp	xnp	xnp	xnp	xnp	###	
T 108	108	1724	"3,347.48"	4.0	CUST 3/26	xnp	xnp	xnp	xnp	xnp	xnp	xnp	125.0	4.0	CO 5/1223	xnp	xnp	xnp	xnp	xnp	xnp	xnp	xnp	xnp	xnp	xnp	xnp	xnp	xnp	xnp	xnp	xnp	xnp	xnp	xnp	xnp	xnp	xnp	xnp	xnp	xnp	xnp	xnp	xnp	xnp	xnp	xnp	xnp	xnp	xnp	xnp	xnp	xnp	xnp	xnp	xnp	xnp	###	
T 110	110	1725	"3,220.81"	4.0	CUST 3/27	xnp	xnp	xnp	xnp	xnp	xnp	xnp	15.0	3.0	CO 5/1223	xnp	xnp	xnp	xnp	xnp	xnp	xnp	xnp	xnp	xnp	xnp	xnp	xnp	xnp	xnp	xnp	xnp	xnp	xnp	xnp	xnp	xnp	xnp	xnp	xnp	xnp	xnp	xnp	xnp	xnp	xnp	xnp	xnp	xnp	xnp	xnp	xnp	xnp	xnp	xnp	xnp	xnp	###	
T 112	112	1726	"3,588.07"	4.0	CUST 3/28B	xnp	xnp	xnp	xnp	xnp	xnp	xnp	xnp	xnp	xnp	"£45,902.43"	"£6,810.34"	£0.00	CUST 3/28B	xnp	xnp	xnp	xnp	xnp	xnp	xnp	xnp	xnp	xnp	xnp	xnp	xnp	xnp	xnp	xnp	xnp	xnp	xnp	xnp	xnp	xnp	xnp	xnp	xnp	xnp	xnp	xnp	xnp	xnp	xnp	xnp	xnp	xnp	xnp	xnp	xnp	xnp	###	
T 114	114	1727	"3,108.98"	4.0	CUST 3/82	40.0	1.0	CO 142/15	xnp	xnp	xnp	xnp	xnp	xnp	xnp	"£42,050.53"	£0.00	£0.60	CUST 3/82	xnp	xnp	xnp	xnp	xnp	xnp	xnp	xnp	xnp	xnp	xnp	xnp	xnp	xnp	xnp	xnp	xnp	xnp	xnp	xnp	xnp	xnp	xnp	xnp	xnp	xnp	xnp	xnp	xnp	xnp	xnp	xnp	xnp	xnp	xnp	xnp	xnp	xnp	###	
T 116	116	1728	xnp	xnp	xnp	"1,240.0"	2.0	CO 142/15	xnp	xnp	xnp	xnp	xnp	xnp	xnp	xnp	xnp	xnp	xnp	xnp	xnp	xnp	xnp	xnp	xnp	xnp	xnp	xnp	xnp	xnp	xnp	xnp	xnp	xnp	xnp	xnp	xnp	xnp	xnp	xnp	xnp	xnp	xnp	xnp	xnp	xnp	xnp	xnp	xnp	xnp	xnp	xnp	xnp	xnp	xnp	xnp	xnp	###	
T 118	118	1729	989.05	4.0	CUST 3/29	88.0	4.0	CO 142/15	xnp	xnp	xnp	xnp	xnp	xnp	xnp	xnp	xnp	xnp	xnp	xnp	xnp	xnp	xnp	xnp	xnp	xnp	xnp	xnp	xnp	xnp	xnp	xnp	xnp	xnp	xnp	xnp	xnp	xnp	xnp	xnp	xnp	xnp	xnp	xnp	xnp	xnp	xnp	xnp	xnp	xnp	xnp	xnp	xnp	xnp	xnp	xnp	xnp	###	
T 120	120	1730	"1,505.12"	4.0	CUST 3/30	275.0	1.0	CO 142/15	xnp	xnp	xnp	xnp	xnp	xnp	xnp	"£125,956.78"	"£2,004.00"	£0.00	CUST 3/30	xnp	xnp	xnp	xnp	xnp	xnp	xnp	xnp	xnp	xnp	xnp	xnp	xnp	xnp	xnp	xnp	xnp	xnp	xnp	xnp	xnp	xnp	xnp	xnp	xnp	xnp	xnp	xnp	xnp	xnp	xnp	xnp	xnp	xnp	xnp	xnp	xnp	xnp	###	
T 122	122	1731	780.73	4.0	CUST 3/31	xnp	xnp	xnp	xnp	xnp	xnp	xnp	xnp	xnp	xnp	"£147,958.80"	"£2,520.00"	£0.52	CUST 3/31	xnp	xnp	xnp	xnp	xnp	xnp	xnp	xnp	xnp	xnp	xnp	xnp	xnp	xnp	xnp	xnp	xnp	xnp	xnp	xnp	xnp	xnp	xnp	xnp	xnp	xnp	xnp	xnp	xnp	xnp	xnp	xnp	xnp	xnp	xnp	xnp	xnp	xnp	###	
T 124	124	1732	"1,189.41"	4.0	CUST 3/32	xnp	xnp	xnp	xnp	xnp	xnp	xnp	xnp	xnp	xnp	"£51,543.42"	£406.28	£3.85	CUST 3/32	xnp	xnp	xnp	xnp	xnp	xnp	xnp	xnp	xnp	xnp	xnp	xnp	xnp	xnp	xnp	xnp	xnp	xnp	xnp	xnp	xnp	xnp	xnp	xnp	xnp	xnp	xnp	xnp	xnp	xnp	xnp	xnp	xnp	xnp	xnp	xnp	xnp	xnp	###	
T 126	126	1733	"1,461.12"	4.0	CUST 3/33	xnp	xnp	xnp	xnp	xnp	xnp	xnp	xnp	xnp	xnp	"£11,608.89"	"£5,541.60"	£0.95	CUST 3/33	xnp	xnp	xnp	xnp	xnp	xnp	xnp	xnp	xnp	xnp	xnp	xnp	xnp	xnp	xnp	xnp	xnp	xnp	xnp	xnp	xnp	xnp	xnp	xnp	xnp	xnp	xnp	xnp	xnp	xnp	xnp	xnp	xnp	xnp	xnp	xnp	xnp	xnp	###	
T 128	128	1734	"1,261.73"	4.0	CUST 3/34	xnp	xnp	xnp	xnp	xnp	xnp	xnp	xnp	xnp	xnp	"£25,629.12"	£0.00	£0.00	CUST 3/34	xnp	xnp	xnp	xnp	xnp	xnp	xnp	xnp	xnp	xnp	xnp	xnp	xnp	xnp	xnp	xnp	xnp	xnp	xnp	xnp	xnp	xnp	xnp	xnp	xnp	xnp	xnp	xnp	xnp	xnp	xnp	xnp	xnp	xnp	xnp	xnp	xnp	xnp	###	
T 130	130	1735	"1,594.55"	4.0	CUST 3/35	xnp	xnp	xnp	xnp	xnp	xnp	xnp	xnp	xnp	xnp	"£16,989.78"	"£1,153.72"	£4.00	CUST 3/35	xnp	xnp	xnp	xnp	xnp	xnp	xnp	xnp	xnp	xnp	xnp	xnp	xnp	xnp	xnp	xnp	xnp	xnp	xnp	xnp	xnp	xnp	xnp	xnp	xnp	xnp	xnp	xnp	xnp	xnp	xnp	xnp	xnp	xnp	xnp	xnp	xnp	xnp	###	
T 132	132	1736	"2,231.85"	4.0	CUST 3/36	xnp	xnp	xnp	xnp	xnp	xnp	xnp	xnp	xnp	xnp	"£4,037.76"	£0.00	£0.00	CUST 3/36	xnp	xnp	xnp	xnp	xnp	xnp	xnp	xnp	xnp	xnp	xnp	xnp	xnp	xnp	xnp	xnp	xnp	xnp	xnp	xnp	xnp	xnp	xnp	xnp	xnp	xnp	xnp	xnp	xnp	xnp	xnp	xnp	xnp	xnp	xnp	xnp	xnp	xnp	###	
T 134	134	1737	"2,176.78"	4.0	CUST 3/37	xnp	xnp	xnp	xnp	xnp	xnp	xnp	xnp	xnp	xnp	"£1,695.56"	£720.00	£1.90	CUST 3/37	xnp	xnp	xnp	xnp	xnp	xnp	xnp	xnp	xnp	xnp	xnp	xnp	xnp	xnp	xnp	xnp	xnp	xnp	xnp	xnp	xnp	xnp	xnp	xnp	xnp	xnp	xnp	xnp	xnp	xnp	xnp	xnp	xnp	xnp	xnp	xnp	xnp	xnp	###	
T 136	136	1738	"2,520.25"	4.0	CUST 3/38	xnp	xnp	xnp	xnp	xnp	xnp	xnp	xnp	xnp	xnp	"£3,432.50"	£0.00	£0.00	CUST 3/38	xnp	xnp	xnp	xnp	xnp	xnp	xnp	xnp	xnp	xnp	xnp	xnp	xnp	xnp	xnp	xnp	xnp	xnp	xnp	xnp	xnp	xnp	xnp	xnp	xnp	xnp	xnp	xnp	xnp	xnp	xnp	xnp	xnp	xnp	xnp	xnp	xnp	xnp	###	
T 138	138	1739	"1,945.37"	4.0	CUST 3/39	xnp	xnp	xnp	xnp	xnp	xnp	xnp	xnp	xnp	xnp	"£62,914.55"	£60.00	£0.72	CUST 3/39	xnp	xnp	xnp	xnp	xnp	xnp	xnp	xnp	xnp	xnp	xnp	xnp	xnp	xnp	xnp	xnp	xnp	xnp	xnp	xnp	xnp	xnp	xnp	xnp	xnp	xnp	xnp	xnp	xnp	xnp	xnp	xnp	xnp	xnp	xnp	xnp	xnp	xnp	###	
T 140	140	1740	"1,997.20"	4.0	CUST 3/40	xnp	xnp	xnp	xnp	xnp	xnp	xnp	xnp	xnp	xnp	£202.44	£0.00	£0.00	CUST 3/40	xnp	xnp	xnp	xnp	xnp	xnp	xnp	xnp	xnp	xnp	xnp	xnp	xnp	xnp	xnp	xnp	xnp	xnp	xnp	xnp	xnp	xnp	xnp	xnp	xnp	xnp	xnp	xnp	xnp	xnp	xnp	xnp	xnp	xnp	xnp	xnp	xnp	xnp	###	
T 142	142	1741	"1,289.17"	4.0	CUST 3/41	xnp	xnp	xnp	xnp	xnp	xnp	xnp	xnp	xnp	xnp	"£2,519.15"	£0.00	£0.00	CUST 3/41	xnp	xnp	xnp	xnp	xnp	xnp	xnp	xnp	xnp	xnp	xnp	xnp	xnp	xnp	xnp	xnp	xnp	xnp	xnp	xnp	xnp	xnp	xnp	xnp	xnp	xnp	xnp	xnp	xnp	xnp	xnp	xnp	xnp	xnp	xnp	xnp	xnp	xnp	###	
T 144	144	1742	"1,030.73"	4.0	CUST 3/42	155.0	1.0	CO 142/15	xnp	xnp	xnp	xnp	xnp	xnp	xnp	xnp	xnp	xnp	xnp	xnp	xnp	xnp	xnp	xnp	xnp	xnp	xnp	xnp	xnp	xnp	xnp	xnp	xnp	xnp	xnp	xnp	xnp	xnp	xnp	xnp	xnp	xnp	xnp	xnp	xnp	xnp	xnp	xnp	xnp	xnp	xnp	xnp	xnp	xnp	xnp	xnp	xnp	###	
T 146	146	1743	"1,299.07"	4.0	CUST 3/43	356.0	3.0	CO 142/15	xnp	xnp	xnp	xnp	xnp	xnp	xnp	£0.00	£0.00	£0.00	CUST 3/43	xnp	xnp	xnp	xnp	xnp	xnp	xnp	xnp	xnp	xnp	xnp	xnp	xnp	xnp	xnp	xnp	xnp	xnp	xnp	xnp	xnp	xnp	xnp	xnp	xnp	xnp	xnp	xnp	xnp	xnp	xnp	xnp	xnp	xnp	xnp	xnp	xnp	xnp	###	
T 148	148	1744	495.11	4.0	CUST 3/44	285.0	3.8	CO 142/15	xnp	xnp	xnp	xnp	xnp	xnp	xnp	xnp	xnp	xnp	xnp	xnp	xnp	xnp	xnp	xnp	xnp	xnp	xnp	xnp	xnp	xnp	xnp	xnp	xnp	xnp	xnp	xnp	xnp	xnp	xnp	xnp	xnp	xnp	xnp	xnp	xnp	xnp	xnp	xnp	xnp	xnp	xnp	xnp	xnp	xnp	xnp	xnp	xnp	###	
T 150	150	1745	574.38	4.0	CUST 3/45	0.0	3.0	CO 142/15	xnp	xnp	xnp	xnp	xnp	xnp	xnp	xnp	xnp	xnp	xnp	xnp	xnp	xnp	xnp	xnp	xnp	xnp	xnp	xnp	xnp	xnp	xnp	xnp	xnp	xnp	xnp	xnp	xnp	xnp	xnp	xnp	xnp	xnp	xnp	xnp	xnp	xnp	xnp	xnp	xnp	xnp	xnp	xnp	xnp	xnp	xnp	xnp	xnp	###	
T 152	152	1746	136.55	4.0	CUST 3/46	60.0	1.0	CO 142/15	xnp	xnp	xnp	xnp	xnp	xnp	xnp	xnp	xnp	xnp	xnp	xnp	xnp	xnp	xnp	xnp	xnp	xnp	xnp	xnp	xnp	xnp	xnp	xnp	xnp	xnp	xnp	xnp	xnp	xnp	xnp	xnp	xnp	xnp	xnp	xnp	xnp	xnp	xnp	xnp	xnp	xnp	xnp	xnp	xnp	xnp	xnp	xnp	xnp	###	
T 154	154	1747	596.29	4.0	CUST 3/47	79.0	2.5	CO 142/15	xnp	xnp	xnp	xnp	xnp	xnp	xnp	xnp	xnp	xnp	xnp	xnp	xnp	xnp	xnp	xnp	xnp	xnp	xnp	xnp	xnp	xnp	xnp	xnp	xnp	xnp	xnp	xnp	xnp	xnp	xnp	xnp	xnp	xnp	xnp	xnp	xnp	xnp	xnp	xnp	xnp	xnp	xnp	xnp	xnp	xnp	xnp	xnp	xnp	###	
T 156	156	1748	"1,747.10"	4.0	CUST 3/48	0.0	2.0	CO 142/15	xnp	xnp	xnp	xnp	xnp	xnp	xnp	xnp	xnp	xnp	xnp	xnp	xnp	xnp	xnp	xnp	xnp	xnp	xnp	xnp	xnp	xnp	xnp	xnp	xnp	xnp	xnp	xnp	xnp	xnp	xnp	xnp	xnp	xnp	xnp	xnp	xnp	xnp	xnp	xnp	xnp	xnp	xnp	xnp	xnp	xnp	xnp	xnp	xnp	###	
T 158	158	1749	"1,233.65"	4.0	CUST 3/49	xnp	xnp	xnp	xnp	xnp	xnp	xnp	xnp	xnp	xnp	xnp	xnp	xnp	xnp	xnp	xnp	xnp	xnp	xnp	xnp	xnp	xnp	xnp	xnp	xnp	xnp	xnp	xnp	xnp	xnp	xnp	xnp	xnp	xnp	xnp	xnp	xnp	xnp	xnp	xnp	xnp	xnp	xnp	xnp	xnp	xnp	xnp	xnp	xnp	xnp	xnp	xnp	###	
T 160	160	1750	"4,659.84"	4.0	CUST 3/50	xnp	xnp	xnp	xnp	xnp	xnp	xnp	xnp	xnp	xnp	xnp	xnp	xnp	xnp	xnp	xnp	xnp	xnp	xnp	xnp	xnp	xnp	xnp	xnp	xnp	xnp	xnp	xnp	xnp	xnp	xnp	xnp	xnp	xnp	xnp	xnp	xnp	xnp	xnp	xnp	xnp	xnp	xnp	xnp	xnp	xnp	xnp	xnp	xnp	xnp	xnp	xnp	###	
T 162	162	1751	"7,386.18"	4.0	CUST 3/51	xnp	xnp	xnp	xnp	xnp	xnp	xnp	xnp	xnp	xnp	£0.00	£0.00	£0.00	CUST 3/51	xnp	xnp	xnp	xnp	xnp	xnp	xnp	xnp	xnp	xnp	xnp	xnp	xnp	xnp	xnp	xnp	xnp	xnp	xnp	xnp	xnp	xnp	xnp	xnp	xnp	xnp	xnp	xnp	xnp	xnp	xnp	xnp	xnp	xnp	xnp	xnp	xnp	xnp	###	
T 164	164	1752	"5,368.41"	4.0	CUST 3/52	"1,062.5"	4.0	CO 142/15	0.0	1.0	CO 5/849	xnp	xnp	xnp	xnp	xnp	xnp	xnp	xnp	xnp	xnp	xnp	xnp	xnp	xnp	xnp	xnp	xnp	xnp	xnp	xnp	xnp	xnp	xnp	xnp	xnp	xnp	xnp	xnp	xnp	xnp	xnp	xnp	xnp	xnp	xnp	xnp	xnp	xnp	xnp	xnp	xnp	xnp	xnp	xnp	xnp	xnp	###	
T 166	166	1753	"3,912.26"	4.0	CUST 3/53	300.0	3.0	CO 142/15	335.0	4.0	CO 5/849	xnp	xnp	xnp	xnp	xnp	xnp	xnp	xnp	xnp	xnp	xnp	xnp	xnp	xnp	xnp	xnp	xnp	xnp	xnp	xnp	xnp	xnp	xnp	xnp	xnp	xnp	xnp	xnp	xnp	xnp	xnp	xnp	xnp	xnp	xnp	xnp	xnp	xnp	xnp	xnp	xnp	xnp	xnp	xnp	xnp	xnp	###	
T 168	168	1754	"3,213.91"	4.0	CUST 3/54	xnp	xnp	xnp	538.0	4.0	CO 5/849	xnp	xnp	xnp	xnp	xnp	xnp	xnp	xnp	xnp	xnp	xnp	xnp	xnp	xnp	xnp	xnp	xnp	xnp	xnp	xnp	xnp	xnp	xnp	xnp	xnp	xnp	xnp	xnp	xnp	xnp	xnp	xnp	xnp	xnp	xnp	xnp	xnp	xnp	xnp	xnp	xnp	xnp	xnp	xnp	xnp	xnp	###	
T 170	170	1755	"2,545.10"	4.0	CUST 3/55	xnp	xnp	xnp	51.5	4.0	CO 5/849	xnp	xnp	xnp	xnp	xnp	xnp	xnp	xnp	xnp	xnp	xnp	xnp	xnp	xnp	xnp	xnp	xnp	xnp	xnp	xnp	xnp	xnp	xnp	xnp	xnp	xnp	xnp	xnp	xnp	xnp	xnp	xnp	xnp	xnp	xnp	xnp	xnp	xnp	xnp	xnp	xnp	xnp	xnp	xnp	xnp	xnp	###	
T 172	172	1756	"4,802.85"	4.0	CUST 3/56	xnp	xnp	xnp	650.0	3.5	CO 5/849	xnp	xnp	xnp	xnp	xnp	xnp	xnp	xnp	xnp	xnp	xnp	xnp	xnp	xnp	xnp	xnp	xnp	xnp	xnp	xnp	xnp	xnp	xnp	xnp	xnp	xnp	xnp	xnp	xnp	xnp	xnp	xnp	xnp	xnp	xnp	xnp	xnp	xnp	xnp	xnp	xnp	xnp	xnp	xnp	xnp	xnp	###	
T 174	174	1757	"4,158.47"	4.0	CUST 3/57	xnp	xnp	xnp	xnp	xnp	xnp	xnp	xnp	xnp	xnp	xnp	xnp	xnp	xnp	xnp	xnp	xnp	xnp	xnp	xnp	xnp	xnp	xnp	xnp	xnp	xnp	xnp	xnp	xnp	xnp	xnp	xnp	xnp	xnp	xnp	xnp	xnp	xnp	xnp	xnp	xnp	xnp	xnp	xnp	xnp	xnp	xnp	xnp	xnp	xnp	xnp	xnp	###	
T 176	176	1758	"3,937.04"	4.0	CUST 3/58	xnp	xnp	xnp	xnp	xnp	xnp	xnp	xnp	xnp	xnp	xnp	xnp	xnp	xnp	xnp	xnp	xnp	xnp	xnp	xnp	xnp	xnp	xnp	xnp	xnp	xnp	xnp	xnp	xnp	xnp	xnp	xnp	xnp	xnp	xnp	xnp	xnp	xnp	xnp	xnp	xnp	xnp	xnp	xnp	xnp	xnp	xnp	xnp	xnp	xnp	xnp	xnp	###	
T 178	178	1759	"4,851.48"	4.0	CUST 3/59	xnp	xnp	xnp	xnp	xnp	xnp	xnp	xnp	xnp	xnp	xnp	xnp	xnp	xnp	xnp	xnp	xnp	xnp	xnp	xnp	xnp	xnp	xnp	xnp	xnp	xnp	xnp	xnp	xnp	xnp	xnp	xnp	xnp	xnp	xnp	xnp	xnp	xnp	xnp	xnp	xnp	xnp	xnp	xnp	xnp	xnp	xnp	xnp	xnp	xnp	xnp	xnp	###	
T 180	180	1760	"1,852.77"	4.0	CUST 3/60	xnp	xnp	xnp	xnp	xnp	xnp	xnp	xnp	xnp	xnp	xnp	xnp	xnp	xnp	xnp	xnp	xnp	xnp	xnp	xnp	xnp	xnp	xnp	xnp	xnp	xnp	xnp	xnp	xnp	xnp	xnp	xnp	xnp	xnp	xnp	xnp	xnp	xnp	xnp	xnp	xnp	xnp	xnp	xnp	xnp	xnp	xnp	xnp	xnp	xnp	xnp	xnp	###	
T 182	182	1761	878.14	4.0	CUST 3/61	xnp	xnp	xnp	xnp	xnp	xnp	xnp	xnp	xnp	xnp	xnp	xnp	xnp	xnp	xnp	xnp	xnp	xnp	xnp	xnp	xnp	xnp	xnp	xnp	xnp	xnp	xnp	xnp	xnp	xnp	xnp	xnp	xnp	xnp	xnp	xnp	xnp	xnp	xnp	xnp	xnp	xnp	xnp	xnp	xnp	xnp	xnp	xnp	xnp	xnp	xnp	xnp	###	
T 184	184	1762	"1,983.67"	4.0	CUST 3/62	xnp	xnp	xnp	0.0	3.5	CO 5/850	xnp	xnp	xnp	xnp	xnp	xnp	xnp	xnp	xnp	xnp	xnp	xnp	xnp	xnp	xnp	xnp	xnp	xnp	xnp	xnp	xnp	xnp	xnp	xnp	xnp	xnp	xnp	xnp	xnp	xnp	xnp	xnp	xnp	xnp	xnp	xnp	xnp	xnp	xnp	xnp	xnp	xnp	xnp	xnp	xnp	xnp	###	
T 186	186	1763	"3,567.21"	4.0	CUST 3/63	xnp	xnp	xnp	0.0	4.0	CO 5/850	xnp	xnp	xnp	xnp	xnp	xnp	xnp	xnp	xnp	xnp	xnp	xnp	xnp	xnp	xnp	xnp	xnp	xnp	xnp	xnp	xnp	xnp	xnp	xnp	xnp	xnp	xnp	xnp	xnp	xnp	xnp	xnp	xnp	xnp	xnp	xnp	xnp	xnp	xnp	xnp	xnp	xnp	xnp	xnp	xnp	xnp	###	
T 188	188	1764	"4,502.72"	4.0	CUST 3/64	xnp	xnp	xnp	0.0	2.5	CO 5/850	xnp	xnp	xnp	xnp	"£9,398.56"	"£3,714.00"	£0.00	CUST 3/64	xnp	xnp	xnp	xnp	xnp	xnp	xnp	xnp	xnp	xnp	xnp	xnp	xnp	xnp	xnp	xnp	xnp	xnp	xnp	xnp	xnp	xnp	xnp	xnp	xnp	xnp	xnp	xnp	xnp	xnp	xnp	xnp	xnp	xnp	xnp	xnp	xnp	xnp	###	
T 190	190	1765	"6,058.00"	4.0	CUST 3/65	xnp	xnp	xnp	xnp	xnp	xnp	xnp	xnp	xnp	xnp	"£11,874.28"	"£8,220.00"	£123.00	CUST 3/65	xnp	xnp	xnp	xnp	xnp	xnp	xnp	xnp	xnp	xnp	xnp	xnp	xnp	xnp	xnp	xnp	xnp	xnp	xnp	xnp	xnp	xnp	xnp	xnp	xnp	xnp	xnp	xnp	xnp	xnp	xnp	xnp	xnp	xnp	xnp	xnp	xnp	xnp	###	
T 192	192	1766	"10,538.81"	4.0	CUST 3/66	xnp	xnp	xnp	xnp	xnp	xnp	xnp	xnp	xnp	xnp	xnp	xnp	xnp	xnp	"£11,601.13"	"£8,098.84"	"£2,091.20"	CUST 3/66	xnp	xnp	xnp	xnp	xnp	xnp	xnp	xnp	xnp	xnp	xnp	xnp	xnp	xnp	xnp	xnp	xnp	xnp	xnp	xnp	xnp	xnp	xnp	xnp	xnp	xnp	xnp	xnp	xnp	xnp	xnp	xnp	xnp	xnp	###	
T 194	194	1767	"9,098.50"	4.0	CUST 3/67	xnp	xnp	xnp	xnp	xnp	xnp	xnp	xnp	xnp	xnp	"£15,216.73"	"£13,838.78"	£7.00	CUST 3/67	£394.68	£387.30	£7.38	CUST 3/67	xnp	xnp	xnp	xnp	xnp	xnp	xnp	xnp	xnp	xnp	xnp	xnp	xnp	xnp	xnp	xnp	xnp	xnp	xnp	xnp	xnp	xnp	xnp	xnp	xnp	xnp	xnp	xnp	xnp	xnp	xnp	xnp	xnp	xnp	###	
T 196	196	1768	"9,597.59"	4.0	CUST 3/68	xnp	xnp	xnp	xnp	xnp	xnp	xnp	xnp	xnp	xnp	£0.00	£0.00	£0.00	CUST 3/68	"£4,000.06"	"£3,336.00"	£664.06	CUST 3/68	xnp	xnp	xnp	xnp	xnp	xnp	xnp	xnp	xnp	xnp	xnp	xnp	xnp	xnp	xnp	xnp	xnp	xnp	xnp	xnp	xnp	xnp	xnp	xnp	xnp	xnp	xnp	xnp	xnp	xnp	xnp	xnp	xnp	xnp	###	
T 198	198	1769	"10,367.78"	4.0	CUST 3/69	xnp	xnp	xnp	xnp	xnp	xnp	xnp	xnp	xnp	xnp	xnp	xnp	xnp	xnp	"£7,456.50"	"£7,239.98"	£211.85	CUST 3/69	"£74,037.63"	"£59,532.00"	"£6,275.00"	CUST 3/69	xnp	xnp	xnp	xnp	xnp	xnp	xnp	xnp	xnp	xnp	xnp	xnp	xnp	xnp	xnp	xnp	xnp	xnp	xnp	xnp	xnp	xnp	xnp	xnp	xnp	xnp	xnp	xnp	xnp	xnp	###	
T 200	200	1770	"10,590.17"	4.0	CUST 3/70	xnp	xnp	xnp	xnp	xnp	xnp	xnp	xnp	xnp	xnp	"£79,409.53"	"£67,320.00"	£0.90	CUST 3/70	"£6,249.83"	"£6,082.50"	£167.33	CUST 3/70	"£1,597.60"	£394.23	"£1,200.00"	CUST 3/70	xnp	xnp	xnp	xnp	xnp	xnp	xnp	xnp	xnp	xnp	xnp	xnp	xnp	xnp	xnp	xnp	xnp	xnp	xnp	xnp	xnp	xnp	xnp	xnp	xnp	xnp	xnp	xnp	xnp	xnp	###	
T 202	202	1771	"3,466.16"	4.0	CUST 3/71	xnp	xnp	xnp	xnp	xnp	xnp	xnp	xnp	xnp	xnp	xnp	xnp	xnp	xnp	"£34,087.48"	"£14,232.98"	"£18,717.00"	CUST 3/71	"£5,275.56"	"£2,688.00"	"£1,858.00"	CUST 3/71	"£5,119.15"	£182.00	"£4,936.25"	CUST 14/1B	xnp	xnp	xnp	xnp	xnp	xnp	xnp	xnp	xnp	xnp	xnp	xnp	xnp	xnp	xnp	xnp	xnp	xnp	xnp	xnp	xnp	xnp	xnp	xnp	xnp	xnp	###	
T 204	204	1772	"6,663.19"	4.0	CUST 3/72	xnp	xnp	xnp	xnp	xnp	xnp	xnp	xnp	xnp	xnp	xnp	xnp	xnp	xnp	"£51,079.69"	"£37,052.93"	"£13,820.92"	CUST 3/72	"£15,580.15"	"£2,088.00"	"£11,641.00"	CUST 3/72	"£31,542.50"	£0.00	"£31,542.50"	CUST 14/1B	"£147,024.37"	"£40,568.93"	"£25,469.92"	CUST 17/1	xnp	xnp	xnp	xnp	xnp	xnp	xnp	xnp	xnp	xnp	xnp	xnp	xnp	xnp	xnp	xnp	xnp	xnp	xnp	xnp	xnp	xnp	###	
T 206	206	1773	"2,180.99"	4.0	CUST 3/73	xnp	xnp	xnp	xnp	xnp	xnp	xnp	xnp	xnp	xnp	xnp	xnp	xnp	xnp	"£21,377.69"	"£8,727.28"	"£9,852.00"	CUST 3/73	"£14,563.59"	"£1,620.00"	"£7,361.00"	CUST 3/73	"£5,415.50"	£273.00	"£5,142.50"	CUST 14/1B	"£70,203.52"	"£10,347.28"	"£17,213.00"	CUST 17/2	xnp	xnp	xnp	xnp	xnp	xnp	xnp	xnp	xnp	xnp	xnp	xnp	xnp	xnp	xnp	xnp	xnp	xnp	xnp	xnp	xnp	xnp	###	
T 208	208	1774	"1,978.06"	4.0	CUST 3/74	xnp	xnp	xnp	xnp	xnp	xnp	xnp	xnp	xnp	xnp	xnp	xnp	xnp	xnp	"£25,253.98"	"£9,091.65"	"£14,906.64"	CUST 3/74	"£8,694.48"	£888.00	"£3,754.00"	CUST 3/74	"£29,444.28"	£301.00	"£29,129.38"	CUST 14/1B	xnp	xnp	xnp	xnp	"£507,140.23"	"£9,979.65"	"£18,660.64"	CUST 17/3	xnp	xnp	xnp	xnp	xnp	xnp	xnp	xnp	xnp	xnp	xnp	xnp	xnp	xnp	xnp	xnp	xnp	xnp	###	
T 210	210	1775	"2,754.33"	4.0	CUST 3/75	xnp	xnp	xnp	xnp	xnp	xnp	xnp	xnp	xnp	xnp	xnp	xnp	xnp	xnp	"£43,180.32"	"£17,997.64"	"£23,944.65"	CUST 3/75	"£7,849.93"	£360.00	"£3,520.00"	CUST 3/75	£0.16	£0.00	£0.00	CUST 14/2	xnp	xnp	xnp	xnp	"£509,546.77"	"£18,581.45"	"£27,480.65"	CUST 17/4	xnp	xnp	xnp	xnp	xnp	xnp	xnp	xnp	xnp	xnp	xnp	xnp	xnp	xnp	xnp	xnp	xnp	xnp	###	
T 212	212	1776	"1,548.36"	4.0	CUST 3/76	xnp	xnp	xnp	xnp	xnp	xnp	xnp	xnp	xnp	xnp	xnp	xnp	xnp	xnp	"£30,007.45"	"£9,280.39"	"£20,441.50"	CUST 3/76	"£2,468.80"	£0.00	£0.00	CUST 3/76	"£9,851.80"	£245.00	"£9,605.75"	CUST 14/2	xnp	xnp	xnp	xnp	"£470,586.97"	"£9,364.39"	"£20,441.50"	CUST 17/4	xnp	xnp	xnp	xnp	xnp	xnp	xnp	xnp	xnp	xnp	xnp	xnp	xnp	xnp	xnp	xnp	xnp	xnp	###	
T 214	214	1777	"1,892.97"	4.0	CUST 3/77	xnp	xnp	xnp	xnp	xnp	xnp	xnp	xnp	xnp	xnp	xnp	xnp	xnp	xnp	"£27,744.38"	"£7,510.28"	"£19,512.00"	CUST 3/77	"£5,282.30"	£0.00	"£2,700.00"	CUST 3/77	xnp	xnp	xnp	xnp	xnp	xnp	xnp	xnp	"£352,319.53"	"£7,821.46"	"£22,221.00"	CUST 17/5	xnp	xnp	xnp	xnp	xnp	xnp	xnp	xnp	xnp	xnp	xnp	xnp	xnp	xnp	xnp	xnp	xnp	xnp	###	
T 216	216	1778	"2,264.25"	4.0	CUST 3/78	xnp	xnp	xnp	xnp	xnp	xnp	xnp	xnp	xnp	xnp	xnp	xnp	xnp	xnp	"£44,003.70"	"£10,266.19"	"£32,220.00"	CUST 3/78	"£6,620.98"	£480.00	"£4,050.00"	CUST 3/78	xnp	xnp	xnp	xnp	xnp	xnp	xnp	xnp	"£461,535.17"	"£10,746.19"	"£36,270.00"	CUST 17/5	xnp	xnp	xnp	xnp	xnp	xnp	xnp	xnp	xnp	xnp	xnp	xnp	xnp	xnp	xnp	xnp	xnp	xnp	###	
T 218	218	1779	"4,403.45"	4.0	CUST 3/79	xnp	xnp	xnp	xnp	xnp	xnp	xnp	xnp	xnp	xnp	xnp	xnp	xnp	xnp	"£10,690.08"	"£2,920.20"	"£6,682.00"	CUST 3/79	£48.61	£0.00	£0.00	CUST 3/79	xnp	xnp	xnp	xnp	xnp	xnp	xnp	xnp	"£349,527.15"	"£2,918.20"	"£6,607.00"	CUST 17/6	xnp	xnp	xnp	xnp	xnp	xnp	xnp	xnp	xnp	xnp	xnp	xnp	xnp	xnp	xnp	xnp	xnp	xnp	###	
T 220	220	1780	"4,296.05"	4.0	CUST 3/80	xnp	xnp	xnp	xnp	xnp	xnp	xnp	xnp	xnp	xnp	xnp	xnp	xnp	xnp	£14.05	£0.00	£0.00	CUST 3/80	"£1,527.15"	£540.00	£192.00	CUST 3/80	xnp	xnp	xnp	xnp	xnp	xnp	xnp	xnp	"£262,111.95"	£570.00	£192.00	CUST 17/6	xnp	xnp	xnp	xnp	xnp	xnp	xnp	xnp	xnp	xnp	xnp	xnp	xnp	xnp	xnp	xnp	xnp	xnp	###	
T 222	222	1781	"3,056.68"	4.0	CUST 17/7	xnp	xnp	xnp	xnp	xnp	xnp	xnp	xnp	xnp	xnp	xnp	xnp	xnp	xnp	xnp	xnp	xnp	xnp	xnp	xnp	xnp	xnp	xnp	xnp	xnp	xnp	xnp	xnp	xnp	xnp	"£248,897.89"	£35.70	£0.00	CUST 17/7	xnp	xnp	xnp	xnp	xnp	xnp	xnp	xnp	xnp	xnp	xnp	xnp	xnp	xnp	xnp	xnp	xnp	xnp	###	
T 224	224	1782	"1,440.60"	4.0	CUST 17/7	xnp	xnp	xnp	xnp	xnp	xnp	xnp	xnp	xnp	xnp	xnp	xnp	xnp	xnp	xnp	xnp	xnp	xnp	xnp	xnp	xnp	xnp	xnp	xnp	xnp	xnp	xnp	xnp	xnp	xnp	"£562,790.33"	£11.87	£194.00	CUST 17/7	xnp	xnp	xnp	xnp	xnp	xnp	xnp	xnp	xnp	xnp	xnp	xnp	xnp	xnp	xnp	xnp	xnp	xnp	###	
T 226	226	1783	"1,140.45"	4.0	CUST 17/8	xnp	xnp	xnp	xnp	xnp	xnp	xnp	xnp	xnp	xnp	xnp	xnp	xnp	xnp	xnp	xnp	xnp	xnp	xnp	xnp	xnp	xnp	"£1,240.00"	£140.00	"£1,100.00"	CUST 14/4	xnp	xnp	xnp	xnp	"£474,456.00"	£52.88	£650.00	CUST 17/8	xnp	xnp	xnp	xnp	xnp	xnp	xnp	xnp	xnp	xnp	xnp	xnp	xnp	xnp	xnp	xnp	xnp	xnp	###	
T 228	228	1784	"2,323.39"	4.0	CUST 17/8	xnp	xnp	xnp	xnp	xnp	xnp	xnp	xnp	xnp	xnp	xnp	xnp	xnp	xnp	xnp	xnp	xnp	xnp	xnp	xnp	xnp	xnp	xnp	xnp	xnp	xnp	xnp	xnp	xnp	xnp	"£388,920.07"	"£1,200.00"	"£12,788.75"	CUST 17/8	xnp	xnp	xnp	xnp	xnp	xnp	xnp	xnp	xnp	xnp	xnp	xnp	xnp	xnp	xnp	xnp	xnp	xnp	###	
T 230	230	1785	"11,683.07"	4.0	CUST 17/9	xnp	xnp	xnp	xnp	xnp	xnp	xnp	xnp	xnp	xnp	xnp	xnp	xnp	xnp	xnp	xnp	xnp	xnp	xnp	xnp	xnp	xnp	£825.00	£0.00	£825.00	CUST 14/5	xnp	xnp	xnp	xnp	"£426,730.18"	"£6,410.37"	"£41,136.36"	CUST 17/9	xnp	xnp	xnp	xnp	xnp	xnp	xnp	xnp	xnp	xnp	xnp	xnp	xnp	xnp	xnp	xnp	xnp	xnp	###	
T 232	232	1786	"15,471.54"	4.0	CUST 17/9	xnp	xnp	xnp	xnp	xnp	xnp	xnp	xnp	xnp	xnp	xnp	xnp	xnp	xnp	xnp	xnp	xnp	xnp	xnp	xnp	xnp	xnp	xnp	xnp	xnp	xnp	xnp	xnp	xnp	xnp	"£381,286.61"	"£10,815.76"	"£44,358.89"	CUST 17/9	xnp	xnp	xnp	xnp	xnp	xnp	xnp	xnp	xnp	xnp	xnp	xnp	xnp	xnp	xnp	xnp	xnp	xnp	###	
T 234	234	1787	"8,795.04"	4.0	CUST 17/10	xnp	xnp	xnp	xnp	xnp	xnp	xnp	xnp	xnp	xnp	xnp	xnp	xnp	xnp	xnp	xnp	xnp	xnp	xnp	xnp	xnp	xnp	"£3,868.97"	£55.21	"£3,813.78"	CUST 14/6	xnp	xnp	xnp	xnp	"£508,524.82"	"£16,036.61"	"£75,609.57"	CUST 17/10	xnp	xnp	xnp	xnp	xnp	xnp	xnp	xnp	xnp	xnp	xnp	xnp	xnp	xnp	xnp	xnp	xnp	xnp	###	
T 236	236	1788	"6,333.87"	4.0	CUST 17/10	xnp	xnp	xnp	xnp	xnp	xnp	xnp	xnp	xnp	xnp	xnp	xnp	xnp	xnp	xnp	xnp	xnp	xnp	xnp	xnp	xnp	xnp	"£8,071.71"	£392.00	"£7,587.30"	CUST 14/7	xnp	xnp	xnp	xnp	xnp	xnp	xnp	xnp	"£279,428.08"	"£20,348.15"	"£189,340.40"	CUST 17/10	xnp	xnp	xnp	xnp	xnp	xnp	xnp	xnp	xnp	xnp	xnp	xnp	xnp	xnp	###	
T 238	238	1789	"7,346.07"	4.0	CUST 17/11	xnp	xnp	xnp	xnp	xnp	xnp	xnp	xnp	xnp	xnp	xnp	xnp	xnp	xnp	xnp	xnp	xnp	xnp	xnp	xnp	xnp	xnp	"£11,974.65"	£510.46	"£11,439.61"	CUST 14/8	xnp	xnp	xnp	xnp	xnp	xnp	xnp	xnp	"£119,548.67"	"£25,327.16"	"£92,623.31"	CUST 17/11	xnp	xnp	xnp	xnp	xnp	xnp	xnp	xnp	xnp	xnp	xnp	xnp	xnp	xnp	###	
T 240	240	1790	"6,015.12"	4.0	CUST 17/12	xnp	xnp	xnp	xnp	xnp	xnp	xnp	xnp	xnp	xnp	xnp	xnp	xnp	xnp	xnp	xnp	xnp	xnp	xnp	xnp	xnp	xnp	"£4,060.28"	£159.85	"£3,857.12"	CUST 14/9	xnp	xnp	xnp	xnp	xnp	xnp	xnp	xnp	"£100,298.98"	"£19,280.33"	"£78,928.40"	CUST 17/12	xnp	xnp	xnp	xnp	xnp	xnp	xnp	xnp	xnp	xnp	xnp	xnp	xnp	xnp	###	
T 242	242	1791	xnp	xnp	xnp	xnp	xnp	xnp	xnp	xnp	xnp	xnp	xnp	xnp	xnp	xnp	xnp	xnp	xnp	xnp	xnp	xnp	xnp	xnp	xnp	xnp	xnp	"£15,899.26"	£360.50	"£15,382.13"	CUST 14/10	xnp	xnp	xnp	xnp	xnp	xnp	xnp	xnp	"£52,900.45"	"£8,350.19"	"£40,923.35"	CUST 17/13	xnp	xnp	xnp	xnp	xnp	xnp	xnp	xnp	xnp	xnp	xnp	xnp	xnp	xnp	###	
T 244	244	1792	xnp	xnp	xnp	xnp	xnp	xnp	xnp	xnp	xnp	xnp	xnp	xnp	xnp	xnp	xnp	xnp	xnp	xnp	xnp	xnp	xnp	xnp	xnp	xnp	xnp	"£9,599.20"	£413.00	"£9,166.70"	CUST 14/11	xnp	xnp	xnp	xnp	xnp	xnp	xnp	xnp	"£64,509.11"	"£13,492.15"	"£45,963.51"	CUST 17/14	xnp	xnp	xnp	xnp	xnp	xnp	xnp	xnp	xnp	xnp	xnp	xnp	xnp	xnp	###	
T 246	246	1793	xnp	xnp	xnp	xnp	xnp	xnp	xnp	xnp	xnp	xnp	xnp	xnp	xnp	xnp	xnp	xnp	xnp	xnp	xnp	xnp	xnp	xnp	xnp	xnp	xnp	"£4,763.41"	£145.25	"£4,565.00"	CUST 14/12	xnp	xnp	xnp	xnp	xnp	xnp	xnp	xnp	"£47,192.50"	"£5,106.14"	"£35,375.28"	CUST 17/15	xnp	xnp	xnp	xnp	xnp	xnp	xnp	xnp	xnp	xnp	xnp	xnp	xnp	xnp	###	
T 248	248	1794	xnp	xnp	xnp	xnp	xnp	xnp	xnp	xnp	xnp	xnp	xnp	xnp	xnp	xnp	xnp	xnp	xnp	xnp	xnp	xnp	xnp	xnp	xnp	xnp	xnp	"£19,321.22"	£535.00	"£18,712.45"	CUST 14/12	xnp	xnp	xnp	xnp	xnp	xnp	xnp	xnp	"£42,885.23"	"£8,064.92"	"£33,009.85"	CUST 17/16	xnp	xnp	xnp	xnp	xnp	xnp	xnp	xnp	xnp	xnp	xnp	xnp	xnp	xnp	###	
T 250	250	1795	xnp	xnp	xnp	xnp	xnp	xnp	xnp	xnp	xnp	xnp	xnp	xnp	xnp	xnp	xnp	xnp	xnp	xnp	xnp	xnp	xnp	xnp	xnp	xnp	xnp	xnp	xnp	xnp	xnp	xnp	xnp	xnp	xnp	xnp	xnp	xnp	xnp	"£20,366.35"	"£4,693.98"	"£15,217.65"	CUST 17/17	xnp	xnp	xnp	xnp	xnp	xnp	xnp	xnp	xnp	xnp	xnp	xnp	xnp	xnp	###	
T 252	252	1796	xnp	xnp	xnp	xnp	xnp	xnp	xnp	xnp	xnp	xnp	xnp	xnp	xnp	xnp	xnp	xnp	xnp	xnp	xnp	xnp	xnp	xnp	xnp	xnp	xnp	"£2,963.15"	£238.00	"£2,725.15"	CUST 14/13A	xnp	xnp	xnp	xnp	xnp	xnp	xnp	xnp	"£26,418.33"	"£10,529.30"	"£15,113.70"	CUST 17/18	xnp	xnp	xnp	xnp	xnp	xnp	xnp	xnp	xnp	xnp	xnp	xnp	xnp	xnp	###	
T 254	254	1797	xnp	xnp	xnp	xnp	xnp	xnp	xnp	xnp	xnp	xnp	xnp	xnp	xnp	xnp	xnp	xnp	xnp	xnp	xnp	xnp	xnp	xnp	xnp	xnp	xnp	xnp	xnp	xnp	xnp	xnp	xnp	xnp	xnp	xnp	xnp	xnp	xnp	"£38,276.98"	"£11,974.13"	"£26,163.02"	CUST 17/19	xnp	xnp	xnp	xnp	xnp	xnp	xnp	xnp	xnp	xnp	xnp	xnp	xnp	xnp	###	
T 256	256	1798	xnp	xnp	xnp	xnp	xnp	xnp	xnp	xnp	xnp	xnp	xnp	xnp	xnp	xnp	xnp	xnp	xnp	xnp	xnp	xnp	xnp	xnp	xnp	xnp	xnp	xnp	xnp	xnp	xnp	xnp	xnp	xnp	xnp	xnp	xnp	xnp	xnp	"£6,579.39"	"£1,927.77"	"£4,406.83"	CUST 17/20	xnp	xnp	xnp	xnp	xnp	xnp	xnp	xnp	xnp	xnp	xnp	xnp	xnp	xnp	###	
T 258	258	1799	xnp	xnp	xnp	xnp	xnp	xnp	xnp	xnp	xnp	xnp	xnp	xnp	xnp	xnp	xnp	xnp	xnp	xnp	xnp	xnp	xnp	xnp	xnp	xnp	xnp	xnp	xnp	xnp	xnp	xnp	xnp	xnp	xnp	xnp	xnp	xnp	xnp	£920.03	£0.00	£0.00	CUST 17/21	xnp	xnp	xnp	xnp	xnp	xnp	xnp	xnp	xnp	xnp	xnp	xnp	xnp	xnp	###	
T 260	260	1800	xnp	xnp	xnp	xnp	xnp	xnp	xnp	xnp	xnp	xnp	xnp	xnp	xnp	xnp	xnp	xnp	xnp	xnp	xnp	xnp	xnp	xnp	xnp	xnp	xnp	"£6,642.18"	£294.24	"£6,341.82"	CUST 14/13A	xnp	xnp	xnp	xnp	xnp	xnp	xnp	xnp	"£16,777.75"	"£1,658.40"	"£14,805.28"	CUST 17/22	xnp	xnp	xnp	xnp	xnp	xnp	xnp	xnp	xnp	xnp	xnp	xnp	xnp	xnp	###	
T 262	262	1801	xnp	xnp	xnp	xnp	xnp	xnp	xnp	xnp	xnp	xnp	xnp	xnp	xnp	xnp	xnp	xnp	xnp	xnp	xnp	xnp	xnp	xnp	xnp	xnp	xnp	£232.26	£0.00	£232.26	CUST 14/14	xnp	xnp	xnp	xnp	xnp	xnp	xnp	xnp	"£17,642.39"	"£2,804.13"	"£13,632.60"	CUST 17/23	xnp	xnp	xnp	xnp	xnp	xnp	xnp	xnp	xnp	xnp	xnp	xnp	xnp	xnp	###	
T 264	264	1802	xnp	xnp	xnp	xnp	xnp	xnp	xnp	xnp	xnp	xnp	xnp	xnp	xnp	xnp	xnp	xnp	xnp	xnp	xnp	xnp	xnp	xnp	xnp	xnp	xnp	"£3,478.84"	£83.91	"£3,394.93"	CUST 14/15	xnp	xnp	xnp	xnp	xnp	xnp	xnp	xnp	"£59,848.82"	"£9,149.00"	"£49,883.90"	CUST 17/24	xnp	xnp	xnp	xnp	xnp	xnp	xnp	xnp	xnp	xnp	xnp	xnp	xnp	xnp	###	
T 266	266	1803	xnp	xnp	xnp	xnp	xnp	xnp	xnp	xnp	xnp	xnp	xnp	xnp	xnp	xnp	xnp	xnp	xnp	xnp	xnp	xnp	xnp	xnp	xnp	xnp	xnp	"£12,668.33"	£582.65	"£12,073.69"	CUST 14/16	xnp	xnp	xnp	xnp	xnp	xnp	xnp	xnp	"£91,934.19"	"£14,886.67"	"£75,432.56"	CUST 17/25	xnp	xnp	xnp	xnp	xnp	xnp	xnp	xnp	xnp	xnp	xnp	xnp	xnp	xnp	###	
T 268	268	1804	xnp	xnp	xnp	xnp	xnp	xnp	xnp	xnp	xnp	xnp	xnp	xnp	xnp	xnp	xnp	xnp	xnp	xnp	xnp	xnp	xnp	xnp	xnp	xnp	xnp	"£13,327.51"	£439.73	"£12,887.79"	CUST 14/17	xnp	xnp	xnp	xnp	xnp	xnp	xnp	xnp	"£86,115.80"	"£11,153.98"	"£73,284.13"	CUST 17/26	xnp	xnp	xnp	xnp	xnp	xnp	xnp	xnp	xnp	xnp	xnp	xnp	xnp	xnp	###	
T 270	270	1805	xnp	xnp	xnp	xnp	xnp	xnp	xnp	xnp	xnp	xnp	xnp	xnp	xnp	xnp	xnp	xnp	xnp	xnp	xnp	xnp	xnp	xnp	xnp	xnp	xnp	"£11,678.64"	£587.48	"£11,091.15"	CUST 14/18	xnp	xnp	xnp	xnp	xnp	xnp	xnp	xnp	"£83,777.10"	"£11,427.14"	"£71,360.34"	CUST 17/27	xnp	xnp	xnp	xnp	xnp	xnp	xnp	xnp	xnp	xnp	xnp	xnp	xnp	xnp	###	
T 272	272	1806	xnp	xnp	xnp	xnp	xnp	xnp	xnp	xnp	xnp	xnp	xnp	xnp	xnp	xnp	xnp	xnp	xnp	xnp	xnp	xnp	xnp	xnp	xnp	xnp	xnp	"£15,598.15"	£749.19	"£14,848.97"	CUST 14/19	xnp	xnp	xnp	xnp	xnp	xnp	xnp	xnp	"£76,244.75"	"£10,934.17"	"£64,881.96"	CUST 17/28	xnp	xnp	xnp	xnp	xnp	xnp	xnp	xnp	xnp	xnp	xnp	xnp	xnp	xnp	###	
T 274	274	1807	xnp	xnp	xnp	xnp	xnp	xnp	xnp	xnp	xnp	xnp	xnp	xnp	xnp	xnp	xnp	xnp	xnp	xnp	xnp	xnp	xnp	xnp	xnp	xnp	xnp	"£11,859.58"	£435.03	"£11,395.25"	CUST 14/20	xnp	xnp	xnp	xnp	xnp	xnp	xnp	xnp	"£60,013.10"	"£10,429.84"	"£49,154.70"	CUST 17/29	xnp	xnp	xnp	xnp	xnp	xnp	xnp	xnp	xnp	xnp	xnp	xnp	xnp	xnp	###	
T 276	276	1808	xnp	xnp	xnp	xnp	xnp	xnp	xnp	xnp	xnp	xnp	xnp	xnp	xnp	xnp	xnp	xnp	xnp	xnp	xnp	xnp	xnp	xnp	xnp	xnp	xnp	"£17,166.96"	£581.69	"£16,560.90"	CUST 14/21	xnp	xnp	xnp	xnp	xnp	xnp	xnp	xnp	"£61,045.57"	"£8,252.05"	"£52,334.43"	CUST 17/30	xnp	xnp	xnp	xnp	xnp	xnp	xnp	xnp	xnp	xnp	xnp	xnp	xnp	xnp	###	
T 278	278	1809	xnp	xnp	xnp	xnp	xnp	xnp	xnp	xnp	xnp	xnp	xnp	xnp	xnp	xnp	xnp	xnp	xnp	"£59,816.62"	"£10,063.98"	"£48,599.69"	CUST 4/5	xnp	xnp	xnp	xnp	xnp	xnp	xnp	xnp	xnp	xnp	xnp	xnp	xnp	xnp	xnp	xnp	xnp	xnp	xnp	xnp	xnp	xnp	xnp	xnp	xnp	xnp	xnp	xnp	xnp	xnp	xnp	xnp	xnp	xnp	###	
T 280	280	1810	xnp	xnp	xnp	xnp	xnp	xnp	xnp	xnp	xnp	xnp	xnp	xnp	xnp	xnp	xnp	xnp	xnp	"£74,979.92"	"£12,205.43"	"£61,878.63"	CUST 4/6	xnp	xnp	xnp	xnp	"£17,144.81"	£425.18	"£16,677.50"	CUST 14/22	xnp	xnp	xnp	xnp	xnp	xnp	xnp	xnp	xnp	xnp	xnp	xnp	xnp	xnp	xnp	xnp	xnp	xnp	xnp	xnp	xnp	xnp	xnp	xnp	xnp	xnp	###	
T 282	282	1811	xnp	xnp	xnp	xnp	xnp	xnp	xnp	xnp	xnp	xnp	xnp	xnp	xnp	xnp	xnp	xnp	xnp	"£95,795.02"	"£16,079.40"	"£78,330.22"	CUST 4/7	xnp	xnp	xnp	xnp	"£9,581.46"	£338.98	"£9,237.23"	CUST 14/23	xnp	xnp	xnp	xnp	xnp	xnp	xnp	xnp	xnp	xnp	xnp	xnp	xnp	xnp	xnp	xnp	xnp	xnp	xnp	xnp	xnp	xnp	xnp	xnp	xnp	xnp	###	
T 284	284	1812	xnp	xnp	xnp	xnp	xnp	xnp	xnp	xnp	xnp	xnp	xnp	xnp	xnp	xnp	xnp	xnp	xnp	"£71,670.21"	"£11,665.87"	"£59,537.66"	CUST 4/8	xnp	xnp	xnp	xnp	"£20,547.96"	£951.60	"£19,596.36"	CUST 14/24	xnp	xnp	xnp	xnp	xnp	xnp	xnp	xnp	xnp	xnp	xnp	xnp	xnp	xnp	xnp	xnp	xnp	xnp	xnp	xnp	xnp	xnp	xnp	xnp	xnp	xnp	###	
T 286	286	1813	xnp	xnp	xnp	xnp	xnp	xnp	xnp	xnp	xnp	xnp	xnp	xnp	xnp	xnp	xnp	xnp	xnp	xnp	xnp	xnp	xnp	xnp	xnp	xnp	xnp	"£15,146.40"	£599.63	"£14,533.95"	CUST 14/25	xnp	xnp	xnp	xnp	xnp	xnp	xnp	xnp	xnp	xnp	xnp	xnp	xnp	xnp	xnp	xnp	xnp	xnp	xnp	xnp	xnp	xnp	xnp	xnp	xnp	xnp	###	
T 288	288	1814	xnp	xnp	xnp	xnp	xnp	xnp	xnp	xnp	xnp	xnp	xnp	xnp	xnp	xnp	xnp	xnp	xnp	xnp	xnp	xnp	xnp	xnp	xnp	xnp	xnp	"£13,061.37"	£307.15	"£12,752.45"	CUST 14/26	xnp	xnp	xnp	xnp	xnp	xnp	xnp	xnp	"£92,159.83"	"£10,639.92"	"£69,541.25"	CUST 4/9	xnp	xnp	xnp	xnp	xnp	xnp	xnp	xnp	xnp	xnp	xnp	xnp	xnp	xnp	###	
T 290	290	1815	xnp	xnp	xnp	xnp	xnp	xnp	xnp	xnp	xnp	xnp	xnp	xnp	xnp	xnp	xnp	xnp	xnp	xnp	xnp	xnp	xnp	xnp	xnp	xnp	xnp	"£40,305.49"	"£1,581.20"	"£38,656.75"	CUST 14/27	xnp	xnp	xnp	xnp	xnp	xnp	xnp	xnp	"£155,826.54"	"£20,236.73"	"£134,899.75"	CUST 4/10	xnp	xnp	xnp	xnp	xnp	xnp	xnp	xnp	xnp	xnp	xnp	xnp	xnp	xnp	###	
T 292	292	1816	xnp	xnp	xnp	xnp	xnp	xnp	xnp	xnp	xnp	xnp	xnp	xnp	xnp	xnp	xnp	xnp	xnp	xnp	xnp	xnp	xnp	xnp	xnp	xnp	xnp	"£21,991.35"	£611.77	"£21,375.83"	CUST 14/28	xnp	xnp	xnp	xnp	xnp	xnp	xnp	xnp	"£118,328.79"	"£18,122.86"	"£93,438.18"	CUST 4/11	xnp	xnp	xnp	xnp	xnp	xnp	xnp	xnp	xnp	xnp	xnp	xnp	xnp	xnp	###	
T 294	294	1817	xnp	xnp	xnp	xnp	xnp	xnp	xnp	xnp	xnp	xnp	xnp	xnp	xnp	xnp	xnp	xnp	xnp	xnp	xnp	xnp	xnp	xnp	xnp	xnp	xnp	xnp	xnp	xnp	xnp	xnp	xnp	xnp	xnp	xnp	xnp	xnp	xnp	"£79,263.73"	"£26,158.38"	"£45,065.17"	CUST 4/12	xnp	xnp	xnp	xnp	xnp	xnp	xnp	xnp	xnp	xnp	xnp	xnp	xnp	xnp	###	
T 296	296	1818	xnp	xnp	xnp	xnp	xnp	xnp	xnp	xnp	xnp	xnp	xnp	xnp	xnp	xnp	xnp	xnp	xnp	xnp	xnp	xnp	xnp	xnp	xnp	xnp	xnp	xnp	xnp	xnp	xnp	xnp	xnp	xnp	xnp	xnp	xnp	xnp	xnp	"£97,267.68"	"£10,340.58"	"£80,927.70"	CUST 4/13	xnp	xnp	xnp	xnp	xnp	xnp	xnp	xnp	xnp	xnp	xnp	xnp	xnp	xnp	###	
T 298	298	1819	xnp	xnp	xnp	xnp	xnp	xnp	xnp	xnp	xnp	xnp	xnp	xnp	xnp	xnp	xnp	xnp	xnp	xnp	xnp	xnp	xnp	xnp	xnp	xnp	xnp	xnp	xnp	xnp	xnp	xnp	xnp	xnp	xnp	xnp	xnp	xnp	xnp	"£106,419.47"	"£14,603.76"	"£83,635.93"	CUST 4/14	xnp	xnp	xnp	xnp	xnp	xnp	xnp	xnp	xnp	xnp	xnp	xnp	xnp	xnp	###	
T 300	300	1820	xnp	xnp	xnp	xnp	xnp	xnp	xnp	xnp	xnp	xnp	xnp	xnp	xnp	xnp	xnp	xnp	xnp	xnp	xnp	xnp	xnp	xnp	xnp	xnp	xnp	xnp	xnp	xnp	xnp	xnp	xnp	xnp	xnp	xnp	xnp	xnp	xnp	"£136,360.48"	"£13,594.78"	"£108,239.96"	CUST 4/15	xnp	xnp	xnp	xnp	xnp	xnp	xnp	xnp	xnp	xnp	xnp	xnp	xnp	xnp	###	
T 302	302	1821	xnp	xnp	xnp	xnp	xnp	xnp	xnp	xnp	xnp	xnp	xnp	xnp	xnp	xnp	xnp	xnp	xnp	xnp	xnp	xnp	xnp	xnp	xnp	xnp	xnp	xnp	xnp	xnp	xnp	xnp	xnp	xnp	xnp	xnp	xnp	xnp	xnp	"£98,282.80"	"£13,591.84"	"£70,592.08"	CUST 4/16	xnp	xnp	xnp	xnp	xnp	xnp	xnp	xnp	xnp	xnp	xnp	xnp	xnp	xnp	###	
T 304	304	1822	xnp	xnp	xnp	xnp	xnp	xnp	xnp	xnp	xnp	xnp	xnp	xnp	xnp	xnp	xnp	xnp	xnp	xnp	xnp	xnp	xnp	xnp	xnp	xnp	xnp	"£21,772.41"	£629.34	"£18,430.59"	CUST 14/34	xnp	xnp	xnp	xnp	xnp	xnp	xnp	xnp	"£162,118.73"	"£22,379.04"	"£114,190.32"	CUST 4/17	xnp	xnp	xnp	xnp	xnp	xnp	xnp	xnp	xnp	xnp	xnp	xnp	xnp	xnp	###	
T 306	306	1823	xnp	xnp	xnp	xnp	xnp	xnp	xnp	xnp	xnp	xnp	xnp	xnp	xnp	xnp	xnp	xnp	xnp	xnp	xnp	xnp	xnp	xnp	xnp	xnp	xnp	xnp	xnp	xnp	xnp	xnp	xnp	xnp	xnp	xnp	xnp	xnp	xnp	"£136,881.13"	"£14,718.80"	"£80,714.17"	CUST 4/18	xnp	xnp	xnp	xnp	xnp	xnp	xnp	xnp	xnp	xnp	xnp	xnp	xnp	xnp	###	
T 308	308	1824	xnp	xnp	xnp	xnp	xnp	xnp	xnp	xnp	xnp	xnp	xnp	xnp	xnp	xnp	xnp	xnp	xnp	xnp	xnp	xnp	xnp	xnp	xnp	xnp	xnp	xnp	xnp	xnp	xnp	xnp	xnp	xnp	xnp	xnp	xnp	xnp	xnp	"£196,756.70"	"£30,190.51"	"£137,001.63"	CUST 4/19	"£262,988.00"	"£272,826.00"	xnp	"£235,335.00"	"£218,522.00"	Martin 140-141	xnp	xnp	xnp	xnp	xnp	xnp	xnp	xnp	###	
T 310	310	1825	xnp	xnp	xnp	xnp	xnp	xnp	xnp	xnp	xnp	xnp	xnp	xnp	xnp	xnp	xnp	xnp	xnp	xnp	xnp	xnp	xnp	xnp	xnp	xnp	xnp	xnp	xnp	xnp	xnp	xnp	xnp	xnp	xnp	xnp	xnp	xnp	xnp	"£170,472.95"	"£32,462.01"	"£89,564.71"	CUST 4/20	"£289,871.00"	"£295,111.00"	xnp	"£244,131.00"	"£232,052.00"	Martin 140-141	xnp	xnp	xnp	xnp	xnp	xnp	xnp	xnp	###	
T 312	312	1826	xnp	xnp	xnp	xnp	xnp	xnp	xnp	xnp	xnp	xnp	xnp	xnp	xnp	xnp	xnp	xnp	xnp	xnp	xnp	xnp	xnp	xnp	xnp	xnp	xnp	xnp	xnp	xnp	xnp	xnp	xnp	xnp	xnp	xnp	xnp	xnp	xnp	"£205,321.59"	"£21,538.14"	"£140,625.91"	CUST 4/21	"£412,727.00"	"£350,370.00"	xnp	"£303,882.00"	"£283,076.00"	Martin 140-141	xnp	xnp	xnp	xnp	xnp	xnp	xnp	xnp	###	
T 314	314	1827	xnp	xnp	xnp	xnp	xnp	xnp	xnp	xnp	xnp	xnp	xnp	xnp	xnp	xnp	xnp	xnp	xnp	xnp	xnp	xnp	xnp	xnp	xnp	xnp	xnp	xnp	xnp	xnp	xnp	xnp	xnp	xnp	xnp	xnp	xnp	xnp	xnp	"£222,885.31"	"£19,948.98"	"£144,407.40"	CUST 4/22	"£313,502.00"	"£394,132.00"	xnp	"£271,209.00"	"£374,394.00"	Martin 140-141	xnp	xnp	xnp	xnp	xnp	xnp	xnp	xnp	###	
T 316	316	1828	xnp	xnp	xnp	xnp	xnp	xnp	xnp	xnp	xnp	xnp	xnp	xnp	xnp	xnp	xnp	xnp	xnp	xnp	xnp	xnp	xnp	xnp	xnp	xnp	xnp	xnp	xnp	xnp	xnp	xnp	xnp	xnp	xnp	xnp	xnp	xnp	xnp	"£181,251.53"	"£18,400.63"	"£108,290.50"	CUST 4/23	"£233,756.00"	"£301,255.00"	xnp	"£185,929.00"	"£219,798.00"	Martin 140-141	xnp	xnp	xnp	xnp	xnp	xnp	xnp	xnp	###	
T 318	318	1829	xnp	xnp	xnp	xnp	xnp	xnp	xnp	xnp	xnp	xnp	xnp	xnp	xnp	xnp	xnp	xnp	xnp	xnp	xnp	xnp	xnp	xnp	xnp	xnp	xnp	xnp	xnp	xnp	xnp	xnp	xnp	xnp	xnp	xnp	xnp	xnp	xnp	"£182,061.38"	"£17,623.11"	"£102,718.70"	CUST 4/24	"£244,464.00"	"£255,282.00"	xnp	"£209,199.00"	"£219,662.00"	Martin 140-141	xnp	xnp	xnp	xnp	xnp	xnp	xnp	xnp	###	
T 320	320	1830	xnp	xnp	xnp	xnp	xnp	xnp	xnp	xnp	xnp	xnp	xnp	xnp	xnp	xnp	xnp	xnp	xnp	xnp	xnp	xnp	xnp	xnp	xnp	xnp	xnp	xnp	xnp	xnp	xnp	xnp	xnp	xnp	xnp	xnp	xnp	xnp	xnp	"£221,855.06"	"£26,008.97"	"£100,652.10"	CUST 4/25	"£234,379.00"	"£316,151.00"	xnp	"£193,692.00"	"£195,192.00"	Martin 140-141	xnp	xnp	xnp	xnp	xnp	xnp	xnp	xnp	###	
T 322	322	1831	xnp	xnp	xnp	xnp	xnp	xnp	xnp	xnp	xnp	xnp	xnp	xnp	xnp	xnp	xnp	xnp	xnp	xnp	xnp	xnp	xnp	xnp	xnp	xnp	xnp	xnp	xnp	xnp	xnp	xnp	xnp	xnp	xnp	xnp	xnp	xnp	xnp	"£124,676.53"	"£13,076.80"	"£63,761.72"	CUST 4/26	"£278,627.00"	"£197,860.00"	xnp	"£216,617.00"	"£106,280.00"	Martin 140-141	xnp	xnp	xnp	xnp	xnp	xnp	xnp	xnp	###	
T 324	324	1832	xnp	xnp	xnp	xnp	xnp	xnp	xnp	xnp	xnp	xnp	xnp	xnp	xnp	xnp	xnp	xnp	xnp	xnp	xnp	xnp	xnp	xnp	xnp	xnp	xnp	xnp	xnp	xnp	xnp	xnp	xnp	xnp	xnp	xnp	xnp	xnp	xnp	"£232,839.81"	"£23,177.68"	"£106,344.65"	CUST 4/27	"£153,830.00"	"£182,267.00"	xnp	"£108,797.00"	"£145,497.00"	Martin 140-141	xnp	xnp	xnp	xnp	xnp	xnp	xnp	xnp	###	
T 326	326	1833	xnp	xnp	xnp	xnp	xnp	xnp	xnp	xnp	xnp	xnp	xnp	xnp	xnp	xnp	xnp	xnp	xnp	xnp	xnp	xnp	xnp	xnp	xnp	xnp	xnp	xnp	xnp	xnp	xnp	xnp	xnp	xnp	xnp	xnp	xnp	xnp	xnp	"£230,748.83"	"£14,574.08"	"£77,543.94"	CUST 4/28	"£235,156.00"	"£242,330.00"	xnp	"£194,950.00"	"£154,344.00"	Martin 140-141	xnp	xnp	xnp	xnp	xnp	xnp	xnp	xnp	###	
T 328	328	1834	xnp	xnp	xnp	xnp	xnp	xnp	xnp	xnp	xnp	xnp	xnp	xnp	xnp	xnp	xnp	xnp	xnp	xnp	xnp	xnp	xnp	xnp	xnp	xnp	xnp	xnp	xnp	xnp	xnp	xnp	xnp	xnp	xnp	xnp	xnp	xnp	xnp	"£263,432.34"	"£22,791.16"	"£121,072.65"	CUST 4/29	"£318,234.00"	"£286,800.00"	xnp	"£272,609.00"	"£209,118.00"	Martin 140-141	xnp	xnp	xnp	xnp	xnp	xnp	xnp	xnp	###	
T 330	330	1835	xnp	xnp	xnp	xnp	xnp	xnp	xnp	xnp	xnp	xnp	xnp	xnp	xnp	xnp	xnp	xnp	xnp	xnp	xnp	xnp	xnp	xnp	xnp	xnp	xnp	xnp	xnp	xnp	xnp	xnp	xnp	xnp	xnp	xnp	xnp	xnp	xnp	"£373,595.02"	"£14,940.30"	"£120,020.68"	CUST 4/30	"£182,614.00"	"£267,811.00"	xnp	"£122,630.00"	"£205,603.00"	Martin 140-141	xnp	xnp	xnp	xnp	xnp	xnp	xnp	xnp	###	
T 332	332	1836	xnp	xnp	xnp	xnp	xnp	xnp	xnp	xnp	xnp	xnp	xnp	xnp	xnp	xnp	xnp	xnp	xnp	xnp	xnp	xnp	xnp	xnp	xnp	xnp	xnp	xnp	xnp	xnp	xnp	xnp	xnp	xnp	xnp	xnp	xnp	xnp	xnp	"£566,650.11"	"£12,145.12"	"£177,443.37"	CUST 4/31	"£340,554.00"	"£493,115.00"	xnp	"£278,699.00"	"£399,546.00"	Martin 140-141 / BB 1836 138	xnp	xnp	xnp	xnp	xnp	xnp	xnp	xnp	###	
T 334	334	1837	xnp	xnp	xnp	xnp	xnp	xnp	xnp	xnp	xnp	xnp	xnp	xnp	xnp	xnp	xnp	xnp	xnp	xnp	xnp	xnp	xnp	xnp	xnp	xnp	xnp	xnp	xnp	xnp	xnp	xnp	xnp	xnp	xnp	xnp	xnp	xnp	xnp	"£445,820.30"	"£15,803.75"	"£186,656.78"	CUST 4/32	"£369,623.00"	"£345,305.00"	xnp	xnp	xnp	BB 1837 138	xnp	xnp	xnp	xnp	xnp	xnp	xnp	xnp	###	
T 336	336	1838	xnp	xnp	xnp	xnp	xnp	xnp	xnp	xnp	xnp	xnp	xnp	xnp	xnp	xnp	xnp	xnp	xnp	xnp	xnp	xnp	xnp	xnp	xnp	xnp	xnp	xnp	xnp	xnp	xnp	xnp	xnp	xnp	xnp	xnp	xnp	xnp	xnp	"£474,219.43"	"£23,260.89"	"£167,204.97"	CUST 4/33	xnp	xnp	xnp	xnp	xnp	xnp	xnp	xnp	xnp	xnp	xnp	xnp	xnp	xnp	###	
T 338	338	1839	xnp	xnp	xnp	xnp	xnp	xnp	xnp	xnp	xnp	xnp	xnp	xnp	xnp	xnp	xnp	xnp	xnp	xnp	xnp	xnp	xnp	xnp	xnp	xnp	xnp	xnp	xnp	xnp	xnp	xnp	xnp	xnp	xnp	xnp	xnp	xnp	xnp	"£589,182.61"	"£31,510.97"	"£154,219.32"	CUST 4/34	xnp	xnp	xnp	xnp	xnp	xnp	xnp	xnp	xnp	xnp	xnp	xnp	xnp	xnp	###	
T 340	340	1840	xnp	xnp	xnp	xnp	xnp	xnp	xnp	xnp	xnp	xnp	xnp	xnp	xnp	xnp	xnp	xnp	xnp	xnp	xnp	xnp	xnp	xnp	xnp	xnp	xnp	xnp	xnp	xnp	xnp	xnp	xnp	xnp	xnp	xnp	xnp	xnp	xnp	"£650,920.85"	"£48,761.29"	"£143,728.28"	CUST 4/35	xnp	xnp	xnp	xnp	xnp	xnp	xnp	xnp	xnp	xnp	xnp	xnp	xnp	xnp	###	
T 342	342	1841	xnp	xnp	xnp	xnp	xnp	xnp	xnp	xnp	xnp	xnp	xnp	xnp	xnp	xnp	xnp	xnp	xnp	xnp	xnp	xnp	xnp	xnp	xnp	xnp	xnp	xnp	xnp	xnp	xnp	xnp	xnp	xnp	xnp	xnp	xnp	xnp	xnp	"£910,242.05"	"£46,579.78"	"£134,832.98"	CUST 4/36	xnp	xnp	xnp	xnp	xnp	xnp	xnp	xnp	xnp	xnp	xnp	xnp	xnp	xnp	###	
T 344	344	1842	xnp	xnp	xnp	xnp	xnp	xnp	xnp	xnp	xnp	xnp	xnp	xnp	xnp	xnp	xnp	xnp	xnp	xnp	xnp	xnp	xnp	xnp	xnp	xnp	xnp	xnp	xnp	xnp	xnp	xnp	xnp	xnp	xnp	xnp	xnp	xnp	xnp	"£864,502.40"	"£37,749.65"	"£92,546.08"	CUST 4/37	xnp	xnp	xnp	"£414,103.00"	"£864,502.00"	HCP 49	Exp Imp in official values	xnp	xnp	xnp	xnp	xnp	xnp	xnp	###	
T 346	346	1843	xnp	xnp	xnp	xnp	xnp	xnp	xnp	xnp	xnp	xnp	xnp	xnp	xnp	xnp	xnp	xnp	xnp	xnp	xnp	xnp	xnp	xnp	xnp	xnp	xnp	xnp	xnp	xnp	xnp	xnp	xnp	xnp	xnp	xnp	xnp	xnp	xnp	"£730,757.09"	"£34,849.78"	"£132,439.33"	CUST 4/38	xnp	xnp	xnp	xnp	xnp	xnp	xnp	xnp	xnp	xnp	xnp	xnp	xnp	xnp	###	
T 348	348	1844	xnp	xnp	xnp	xnp	xnp	xnp	xnp	xnp	xnp	xnp	xnp	xnp	xnp	xnp	xnp	xnp	xnp	xnp	xnp	xnp	xnp	xnp	xnp	xnp	xnp	xnp	xnp	xnp	xnp	xnp	xnp	xnp	xnp	xnp	xnp	xnp	xnp	"£883,141.59"	"£47,823.44"	"£138,743.67"	CUST 4/39	xnp	xnp	xnp	xnp	xnp	xnp	xnp	xnp	xnp	xnp	xnp	xnp	xnp	xnp	###	
T 350	350	1845	xnp	xnp	xnp	xnp	xnp	xnp	xnp	xnp	xnp	xnp	xnp	xnp	xnp	xnp	xnp	xnp	xnp	xnp	xnp	xnp	xnp	xnp	xnp	xnp	xnp	xnp	xnp	xnp	xnp	xnp	xnp	xnp	xnp	xnp	xnp	xnp	xnp	"£774,242.28"	"£45,973.25"	"£189,453.66"	CUST 4/40	"£273,074.00"	"£281,850.00"	xnp	"£194,129.00"	"£239,337.00"	BB 1845 158	xnp	xnp	xnp	xnp	xnp	xnp	xnp	xnp	###	
T 352	352	1846	xnp	xnp	xnp	xnp	xnp	xnp	xnp	xnp	xnp	xnp	xnp	xnp	xnp	xnp	xnp	xnp	xnp	xnp	xnp	xnp	xnp	xnp	xnp	xnp	xnp	xnp	xnp	xnp	xnp	xnp	xnp	xnp	xnp	xnp	xnp	xnp	xnp	"£857,453.69"	"£48,282.49"	"£203,071.70"	CUST 4/41	"£213,726.00"	xnp	xnp	xnp	xnp	CP 869 103	xnp	xnp	xnp	xnp	xnp	xnp	xnp	xnp	###	
T 354	354	1847	xnp	xnp	xnp	xnp	xnp	xnp	xnp	xnp	xnp	xnp	xnp	xnp	xnp	xnp	xnp	xnp	xnp	xnp	xnp	xnp	xnp	xnp	xnp	xnp	xnp	xnp	xnp	xnp	xnp	xnp	xnp	xnp	xnp	xnp	xnp	xnp	xnp	"£1,208,494.07"	"£44,309.67"	"£242,160.13"	CUST 4/42	"£281,459.00"	"£309,792.00"	xnp	"£212,040.00"	"£269,364.00"	CP 1005 164 / CP 1126 269	xnp	xnp	xnp	xnp	xnp	xnp	xnp	xnp	###	
T 356	356	1848	xnp	xnp	xnp	xnp	xnp	xnp	xnp	xnp	xnp	xnp	xnp	xnp	xnp	xnp	xnp	xnp	xnp	xnp	xnp	xnp	xnp	xnp	xnp	xnp	xnp	xnp	xnp	xnp	xnp	xnp	xnp	xnp	xnp	xnp	xnp	xnp	xnp	"£1,093,055.07"	"£50,206.94"	"£218,349.58"	CUST 4/43	"£166,612.00"	"£353,783.00"	xnp	"£110,851.00"	"£292,083.00"	CP 1126 269	xnp	xnp	xnp	xnp	xnp	xnp	xnp	xnp	###	
T 358	358	1849	xnp	xnp	xnp	xnp	xnp	xnp	xnp	xnp	xnp	xnp	xnp	xnp	xnp	xnp	xnp	xnp	xnp	xnp	xnp	xnp	xnp	xnp	xnp	xnp	xnp	xnp	xnp	xnp	xnp	xnp	xnp	xnp	xnp	xnp	xnp	xnp	xnp	"£1,126,970.43"	"£43,121.92"	"£171,238.15"	CUST 4/44	"£237,861.00"	"£301,888.00"	xnp	xnp	xnp	CP 1539 48	xnp	xnp	xnp	xnp	xnp	xnp	xnp	xnp	###	
T 360	360	1850	xnp	xnp	xnp	xnp	xnp	xnp	xnp	xnp	xnp	xnp	xnp	xnp	xnp	xnp	xnp	xnp	xnp	xnp	xnp	xnp	xnp	xnp	xnp	xnp	xnp	xnp	xnp	xnp	xnp	xnp	xnp	xnp	xnp	xnp	xnp	xnp	xnp	"£1,243,225.75"	"£55,274.65"	"£172,216.72"	CUST 4/45	"£196,554.00"	"£261,015.00"	xnp	"£141,379.00"	"£211,145.00"	CP 3508 / CP 1539 48	"Exp Imp of bullion, specie not specified"	xnp	xnp	xnp	xnp	xnp	xnp	xnp	###	
T 362	362	1851	xnp	xnp	xnp	xnp	xnp	xnp	xnp	xnp	xnp	xnp	xnp	xnp	xnp	xnp	xnp	xnp	xnp	xnp	xnp	xnp	xnp	xnp	xnp	xnp	xnp	xnp	xnp	xnp	xnp	xnp	xnp	xnp	xnp	xnp	xnp	xnp	xnp	"£1,518,056.08"	"£52,044.82"	"£157,446.20"	CUST 4/46	"£289,819.00"	"£411,443.00"	xnp	"£209,541.00"	"£96,071.00"	CP 3508 / CP 1693 38	xnp	xnp	xnp	xnp	xnp	xnp	xnp	xnp	###	
T 364	364	1852	xnp	xnp	xnp	xnp	xnp	xnp	xnp	xnp	xnp	xnp	xnp	xnp	xnp	xnp	xnp	xnp	xnp	xnp	xnp	xnp	xnp	xnp	xnp	xnp	xnp	xnp	xnp	xnp	xnp	xnp	xnp	xnp	xnp	xnp	xnp	xnp	xnp	"£886,657.54"	"£70,750.66"	"£188,325.58"	CUST 4/47	"£262,112.00"	"£391,223.00"	xnp	"£109,695.00"	"£340,908.00"	CP 3508	xnp	xnp	xnp	xnp	xnp	xnp	xnp	xnp	###	
T 366	366	1853	xnp	xnp	xnp	xnp	xnp	xnp	xnp	xnp	xnp	xnp	xnp	xnp	xnp	xnp	xnp	xnp	xnp	xnp	xnp	xnp	xnp	xnp	xnp	xnp	xnp	xnp	xnp	xnp	xnp	xnp	xnp	xnp	xnp	xnp	xnp	xnp	xnp	"£357,340.45"	"£51,659.14"	"£115,488.53"	CUST 4/48	"£198,186.00"	"£345,377.00"	xnp	"£120,762.00"	"£276,520.00"	CP 3508	xnp	xnp	xnp	xnp	xnp	xnp	xnp	xnp	###	
T 368	368	1854	xnp	xnp	xnp	xnp	xnp	xnp	xnp	xnp	xnp	xnp	xnp	xnp	xnp	xnp	xnp	xnp	xnp	xnp	xnp	xnp	xnp	xnp	xnp	xnp	xnp	xnp	xnp	xnp	xnp	xnp	xnp	xnp	xnp	xnp	xnp	xnp	xnp	xnp	xnp	xnp	xnp	"£241,764.00"	"£452,313.00"	xnp	"£152,411.00"	"£384,640.00"	CP 3508	xnp	xnp	xnp	xnp	xnp	xnp	xnp	xnp	###	
T 370	370	1855	xnp	xnp	xnp	xnp	xnp	xnp	xnp	xnp	xnp	xnp	xnp	xnp	xnp	xnp	xnp	xnp	xnp	xnp	xnp	xnp	xnp	xnp	xnp	xnp	xnp	xnp	xnp	xnp	xnp	xnp	xnp	xnp	xnp	xnp	xnp	xnp	xnp	"£1,143,942.00"	"£48,357.00"	"£219,736.00"	CUST 4/50	"£245,486.00"	"£462,591.00"	xnp	"£159,969.00"	"£391,527.00"	CP 3508	xnp	xnp	xnp	xnp	xnp	xnp	xnp	xnp	###	
T 372	372	1856	xnp	xnp	xnp	xnp	xnp	xnp	xnp	xnp	xnp	xnp	xnp	xnp	xnp	xnp	xnp	xnp	xnp	xnp	xnp	xnp	xnp	xnp	xnp	xnp	xnp	xnp	xnp	xnp	xnp	xnp	xnp	xnp	xnp	xnp	xnp	xnp	xnp	xnp	xnp	xnp	xnp	"£254,994.00"	"£446,649.00"	xnp	"£160,659.00"	"£357,153.00"	CP 3508	xnp	xnp	xnp	xnp	xnp	xnp	xnp	xnp	###	
T 374	374	1857	xnp	xnp	xnp	xnp	xnp	xnp	xnp	xnp	xnp	xnp	xnp	xnp	xnp	xnp	xnp	xnp	xnp	xnp	xnp	xnp	xnp	xnp	xnp	xnp	xnp	xnp	xnp	xnp	xnp	xnp	xnp	xnp	xnp	xnp	xnp	xnp	xnp	xnp	xnp	xnp	xnp	"£268,691.00"	"£440,271.00"	xnp	"£169,927.00"	"£329,052.00"	CP 3508	xnp	xnp	xnp	xnp	xnp	xnp	xnp	xnp	###	
T 376	376	1858	xnp	xnp	xnp	xnp	xnp	xnp	xnp	xnp	xnp	xnp	xnp	xnp	xnp	xnp	xnp	xnp	xnp	xnp	xnp	xnp	xnp	xnp	xnp	xnp	xnp	xnp	xnp	xnp	xnp	xnp	xnp	xnp	xnp	xnp	xnp	xnp	xnp	xnp	xnp	xnp	xnp	"£207,908.00"	"£380,377.00"	xnp	"£121,934.00"	"£286,612.00"	CP 3508	"< 1858, Exp exc re-Exp, Imp exc items not dutiable /CP 2711 7"	xnp	xnp	xnp	xnp	xnp	xnp	xnp	###	
T 378	378	1859	xnp	xnp	xnp	xnp	xnp	xnp	xnp	xnp	xnp	xnp	xnp	xnp	xnp	xnp	xnp	xnp	xnp	xnp	xnp	xnp	xnp	xnp	xnp	xnp	xnp	xnp	xnp	xnp	xnp	xnp	xnp	xnp	xnp	xnp	xnp	xnp	xnp	xnp	xnp	xnp	xnp	"£175,203.00"	"£288,161.00"	xnp	"£101,595.00"	"£183,113.00"	CP 3508	xnp	xnp	xnp	xnp	xnp	xnp	xnp	xnp	###	
T 380	380	1860	xnp	xnp	xnp	xnp	xnp	xnp	xnp	xnp	xnp	xnp	xnp	xnp	xnp	xnp	xnp	xnp	xnp	xnp	xnp	xnp	xnp	xnp	xnp	xnp	xnp	xnp	xnp	xnp	xnp	xnp	xnp	xnp	xnp	xnp	xnp	xnp	xnp	xnp	xnp	xnp	xnp	"£200,869.00"	"£315,918.00"	xnp	"£128,081.00"	"£224,065.00"	CP 3508	xnp	xnp	xnp	xnp	xnp	xnp	xnp	xnp	###	
T 382	382	1861	xnp	xnp	xnp	xnp	xnp	xnp	xnp	xnp	xnp	xnp	xnp	xnp	xnp	xnp	xnp	xnp	xnp	xnp	xnp	xnp	xnp	xnp	xnp	xnp	xnp	xnp	xnp	xnp	xnp	xnp	xnp	xnp	xnp	xnp	xnp	xnp	xnp	xnp	xnp	xnp	xnp	"£231,744.00"	"£292,576.00"	xnp	"£149,887.00"	"£214,688.00"	CP 3508	xnp	xnp	xnp	xnp	xnp	xnp	xnp	xnp	###	
T 384	384	1862	xnp	xnp	xnp	xnp	xnp	xnp	xnp	xnp	xnp	xnp	xnp	xnp	xnp	xnp	xnp	xnp	xnp	xnp	xnp	xnp	xnp	xnp	xnp	xnp	xnp	xnp	xnp	xnp	xnp	xnp	xnp	xnp	xnp	xnp	xnp	xnp	xnp	xnp	xnp	xnp	xnp	"£211,358.00"	"£356,390.00"	xnp	"£108,843.00"	"£210,379.00"	CP 3508 / C.2093	xnp	xnp	xnp	xnp	xnp	xnp	xnp	xnp	###	
T 386	386	1863	xnp	xnp	xnp	xnp	xnp	xnp	xnp	xnp	xnp	xnp	xnp	xnp	xnp	xnp	xnp	xnp	xnp	xnp	xnp	xnp	xnp	xnp	xnp	xnp	xnp	xnp	xnp	xnp	xnp	xnp	xnp	xnp	xnp	xnp	xnp	xnp	xnp	xnp	xnp	xnp	xnp	"£265,752.00"	"£390,644.00"	xnp	"£147,809.00"	"£235,205.00"	CP 3508 / C.2093	xnp	xnp	xnp	xnp	xnp	xnp	xnp	xnp	###	
T 388	388	1864	xnp	xnp	xnp	xnp	xnp	xnp	xnp	xnp	xnp	xnp	xnp	xnp	xnp	xnp	xnp	xnp	xnp	xnp	xnp	xnp	xnp	xnp	xnp	xnp	xnp	xnp	xnp	xnp	xnp	xnp	xnp	xnp	xnp	xnp	xnp	xnp	xnp	xnp	xnp	xnp	xnp	"£291,144.00"	"£373,197.00"	xnp	"£196,373.00"	"£218,131.00"	C.2093	xnp	xnp	xnp	xnp	xnp	xnp	xnp	xnp	###	
T 390	390	1865	xnp	xnp	xnp	xnp	xnp	xnp	xnp	xnp	xnp	xnp	xnp	xnp	xnp	xnp	xnp	xnp	xnp	xnp	xnp	xnp	xnp	xnp	xnp	xnp	xnp	xnp	xnp	xnp	xnp	xnp	xnp	xnp	xnp	xnp	xnp	xnp	xnp	xnp	xnp	xnp	xnp	"£210,675.00"	"£323,170.00"	xnp	"£130,426.00"	"£220,077.00"	C.2093	xnp	xnp	xnp	xnp	xnp	xnp	xnp	xnp	###	
T 392	392	1866	xnp	xnp	xnp	xnp	xnp	xnp	xnp	xnp	xnp	xnp	xnp	xnp	xnp	xnp	xnp	xnp	xnp	xnp	xnp	xnp	xnp	xnp	xnp	xnp	xnp	xnp	xnp	xnp	xnp	xnp	xnp	xnp	xnp	xnp	xnp	xnp	xnp	xnp	xnp	xnp	xnp	"£169,033.00"	"£277,156.00"	xnp	"£107,734.00"	"£169,013.00"	C.2093	xnp	xnp	xnp	xnp	xnp	xnp	xnp	xnp	###	
T 394	394	1867	xnp	xnp	xnp	xnp	xnp	xnp	xnp	xnp	xnp	xnp	xnp	xnp	xnp	xnp	xnp	xnp	xnp	xnp	xnp	xnp	xnp	xnp	xnp	xnp	xnp	xnp	xnp	xnp	xnp	xnp	xnp	xnp	xnp	xnp	xnp	xnp	xnp	xnp	xnp	xnp	xnp	"£190,495.00"	"£186,169.00"	xnp	"£112,051.00"	"£102,806.00"	C.2093	xnp	xnp	xnp	xnp	xnp	xnp	xnp	xnp	###	
T 396	396	1868	xnp	xnp	xnp	xnp	xnp	xnp	xnp	xnp	xnp	xnp	xnp	xnp	xnp	xnp	xnp	xnp	xnp	xnp	xnp	xnp	xnp	xnp	xnp	xnp	xnp	xnp	xnp	xnp	xnp	xnp	xnp	xnp	xnp	xnp	xnp	xnp	xnp	xnp	xnp	xnp	xnp	"£177,684.00"	"£203,659.00"	xnp	"£105,100.00"	"£115,482.00"	C.2093	xnp	xnp	xnp	xnp	xnp	xnp	xnp	xnp	###	
T 398	398	1869	xnp	xnp	xnp	xnp	xnp	xnp	xnp	xnp	xnp	xnp	xnp	xnp	xnp	xnp	xnp	xnp	xnp	xnp	xnp	xnp	xnp	xnp	xnp	xnp	xnp	xnp	xnp	xnp	xnp	xnp	xnp	xnp	xnp	xnp	xnp	xnp	xnp	xnp	xnp	xnp	xnp	"£151,189.00"	"£175,033.00"	xnp	"£95,737.00"	"£91,788.00"	C.2093	xnp	xnp	xnp	xnp	xnp	xnp	xnp	xnp	###	
T 400	400	1870	xnp	xnp	xnp	xnp	xnp	xnp	xnp	xnp	xnp	xnp	xnp	xnp	xnp	xnp	xnp	xnp	xnp	xnp	xnp	xnp	xnp	xnp	xnp	xnp	xnp	xnp	xnp	xnp	xnp	xnp	xnp	xnp	xnp	xnp	xnp	xnp	xnp	xnp	xnp	xnp	xnp	"£184,338.00"	"£171,988.00"	xnp	"£131,348.00"	"£79,925.00"	C.2093	xnp	xnp	xnp	xnp	xnp	xnp	xnp	xnp	###	
T 402	402	1871	xnp	xnp	xnp	xnp	xnp	xnp	xnp	xnp	xnp	xnp	xnp	xnp	xnp	xnp	xnp	xnp	xnp	xnp	xnp	xnp	xnp	xnp	xnp	xnp	xnp	xnp	xnp	xnp	xnp	xnp	xnp	xnp	xnp	xnp	xnp	xnp	xnp	xnp	xnp	xnp	xnp	"£180,662.00"	"£207,672.00"	xnp	"£125,380.00"	"£116,119.00"	C.2093	xnp	xnp	xnp	xnp	xnp	xnp	xnp	xnp	###	
T 404	404	1872	xnp	xnp	xnp	xnp	xnp	xnp	xnp	xnp	xnp	xnp	xnp	xnp	xnp	xnp	xnp	xnp	xnp	xnp	xnp	xnp	xnp	xnp	xnp	xnp	xnp	xnp	xnp	xnp	xnp	xnp	xnp	xnp	xnp	xnp	xnp	xnp	xnp	xnp	xnp	xnp	xnp	"£167,809.00"	"£203,560.00"	xnp	"£113,574.00"	"£105,898.00"	C.2093	xnp	xnp	xnp	xnp	xnp	xnp	xnp	xnp	###	
T 406	406	1873	xnp	xnp	xnp	xnp	xnp	xnp	xnp	xnp	xnp	xnp	xnp	xnp	xnp	xnp	xnp	xnp	xnp	xnp	xnp	xnp	xnp	xnp	xnp	xnp	xnp	xnp	xnp	xnp	xnp	xnp	xnp	xnp	xnp	xnp	xnp	xnp	xnp	xnp	xnp	xnp	xnp	"£236,615.00"	"£216,993.00"	xnp	"£159,542.00"	"£129,317.00"	C.2093	xnp	xnp	xnp	xnp	xnp	xnp	xnp	xnp	###	
T 408	408	1874	xnp	xnp	xnp	xnp	xnp	xnp	xnp	xnp	xnp	xnp	xnp	xnp	xnp	xnp	xnp	xnp	xnp	xnp	xnp	xnp	xnp	xnp	xnp	xnp	xnp	xnp	xnp	xnp	xnp	xnp	xnp	xnp	xnp	xnp	xnp	xnp	xnp	xnp	xnp	xnp	xnp	"£178,398.00"	"£240,628.00"	xnp	"£98,301.00"	"£134,655.00"	C.2093	xnp	xnp	xnp	xnp	xnp	xnp	xnp	xnp	###	
T 410	410	1875	xnp	xnp	xnp	xnp	xnp	xnp	xnp	xnp	xnp	xnp	xnp	xnp	xnp	xnp	xnp	xnp	xnp	xnp	xnp	xnp	xnp	xnp	xnp	xnp	xnp	xnp	xnp	xnp	xnp	xnp	xnp	xnp	xnp	xnp	xnp	xnp	xnp	xnp	xnp	xnp	xnp	"£175,321.00"	"£202,512.00"	xnp	"£95,936.00"	"£104,331.00"	C.2093	xnp	"$876,603.00"	"$1,012,560.00"	xnp	"$475,179.00"	"$521,653.00"	C.6160	xnp	###	
T 412	412	1876	xnp	xnp	xnp	xnp	xnp	xnp	xnp	xnp	xnp	xnp	xnp	xnp	xnp	xnp	xnp	xnp	xnp	xnp	xnp	xnp	xnp	xnp	xnp	xnp	xnp	xnp	xnp	xnp	xnp	xnp	xnp	xnp	xnp	xnp	xnp	xnp	xnp	xnp	xnp	xnp	xnp	"£163,403.00"	"£206,420.00"	xnp	"£99,946.00"	"£127,547.00"	C.2093	xnp	"$865,903.00"	"$1,093,873.00"	xnp	"$529,640.00"	"$675,902.00"	C.6160	xnp	###	
T 414	414	1877	xnp	xnp	xnp	xnp	xnp	xnp	xnp	xnp	xnp	xnp	xnp	xnp	xnp	xnp	xnp	xnp	xnp	xnp	xnp	xnp	xnp	xnp	xnp	xnp	xnp	xnp	xnp	xnp	xnp	xnp	xnp	xnp	xnp	xnp	xnp	xnp	xnp	xnp	xnp	xnp	xnp	xnp	xnp	xnp	xnp	xnp	xnp	xnp	"$878,382.00"	"$659,773.00"	xnp	"$447,998.00"	"$501,031.00"	C.6160	Exp exc Re	###	
T 416	416	1878	xnp	xnp	xnp	xnp	xnp	xnp	xnp	xnp	xnp	xnp	xnp	xnp	xnp	xnp	xnp	xnp	xnp	xnp	xnp	xnp	xnp	xnp	xnp	xnp	xnp	xnp	xnp	xnp	xnp	xnp	xnp	xnp	xnp	xnp	xnp	xnp	xnp	xnp	xnp	xnp	xnp	xnp	xnp	xnp	xnp	xnp	xnp	xnp	"$971,856.00"	"$664,884.00"	xnp	"$562,322.00"	"$479,158.00"	C.6160	Exp exc Re	###	
T 418	418	1879	xnp	xnp	xnp	xnp	xnp	xnp	xnp	xnp	xnp	xnp	xnp	xnp	xnp	xnp	xnp	xnp	xnp	xnp	xnp	xnp	xnp	xnp	xnp	xnp	xnp	xnp	xnp	xnp	xnp	xnp	xnp	xnp	xnp	xnp	xnp	xnp	xnp	xnp	xnp	xnp	xnp	xnp	xnp	xnp	xnp	xnp	xnp	xnp	"$811,441.00"	"$952,475.00"	xnp	"$402,382.00"	"$598,346.00"	C.6160	xnp	###	
T 420	420	1880	xnp	xnp	xnp	xnp	xnp	xnp	xnp	xnp	xnp	xnp	xnp	xnp	xnp	xnp	xnp	xnp	xnp	xnp	xnp	xnp	xnp	xnp	xnp	xnp	xnp	xnp	xnp	xnp	xnp	xnp	xnp	xnp	xnp	xnp	xnp	xnp	xnp	xnp	xnp	xnp	xnp	xnp	xnp	xnp	xnp	xnp	xnp	xnp	"$1,203,856.00"	"$1,283,284.00"	xnp	"$623,561.00"	"$595,254.00"	C.6160	xnp	###	
T 422	422	1881	xnp	xnp	xnp	xnp	xnp	xnp	xnp	xnp	xnp	xnp	xnp	xnp	xnp	xnp	xnp	xnp	xnp	xnp	xnp	xnp	xnp	xnp	xnp	xnp	xnp	xnp	xnp	xnp	xnp	xnp	xnp	xnp	xnp	xnp	xnp	xnp	xnp	xnp	xnp	xnp	xnp	xnp	xnp	xnp	xnp	xnp	xnp	xnp	"$1,024,229.00"	"$1,255,615.00"	xnp	"$556,000.00"	"$697,889.00"	C.6160	xnp	###	
T 424	424	1882	xnp	xnp	xnp	xnp	xnp	xnp	xnp	xnp	xnp	xnp	xnp	xnp	xnp	xnp	xnp	xnp	xnp	xnp	xnp	xnp	xnp	xnp	xnp	xnp	xnp	xnp	xnp	xnp	xnp	xnp	xnp	xnp	xnp	xnp	xnp	xnp	xnp	xnp	xnp	xnp	xnp	xnp	xnp	xnp	xnp	xnp	xnp	xnp	"$1,181,919.00"	"$1,271,958.00"	xnp	"$597,768.00"	"$679,964.00"	C.6160	xnp	###	
T 426	426	1883	xnp	xnp	xnp	xnp	xnp	xnp	xnp	xnp	xnp	xnp	xnp	xnp	xnp	xnp	xnp	xnp	xnp	xnp	xnp	xnp	xnp	xnp	xnp	xnp	xnp	xnp	xnp	xnp	xnp	xnp	xnp	xnp	xnp	xnp	xnp	xnp	xnp	xnp	xnp	xnp	xnp	xnp	xnp	xnp	xnp	xnp	xnp	xnp	"$1,334,726.00"	"$1,502,937.00"	xnp	"$738,555.00"	"$880,734.00"	C.6160	xnp	###	
T 428	428	1884	xnp	xnp	xnp	xnp	xnp	xnp	xnp	xnp	xnp	xnp	xnp	xnp	xnp	xnp	xnp	xnp	xnp	xnp	xnp	xnp	xnp	xnp	xnp	xnp	xnp	xnp	xnp	xnp	xnp	xnp	xnp	xnp	xnp	xnp	xnp	xnp	xnp	xnp	xnp	xnp	xnp	xnp	xnp	xnp	xnp	xnp	xnp	xnp	"$1,178,738.00"	"$1,575,280.00"	xnp	"$633,202.00"	"$1,017,431.00"	C.6160	xnp	###	
T 430	430	1885	xnp	xnp	xnp	xnp	xnp	xnp	xnp	xnp	xnp	xnp	xnp	xnp	xnp	xnp	xnp	xnp	xnp	xnp	xnp	xnp	xnp	xnp	xnp	xnp	xnp	xnp	xnp	xnp	xnp	xnp	xnp	xnp	xnp	xnp	xnp	xnp	xnp	xnp	xnp	xnp	xnp	xnp	xnp	xnp	xnp	xnp	xnp	xnp	"$1,274,280.00"	"$1,221,398.00"	xnp	"$553,383.00"	"$708,802.00"	Cd.307	xnp	###	
T 432	432	1886	xnp	xnp	xnp	xnp	xnp	xnp	xnp	xnp	xnp	xnp	xnp	xnp	xnp	xnp	xnp	xnp	xnp	xnp	xnp	xnp	xnp	xnp	xnp	xnp	xnp	xnp	xnp	xnp	xnp	xnp	xnp	xnp	xnp	xnp	xnp	xnp	xnp	xnp	xnp	xnp	xnp	xnp	xnp	xnp	xnp	xnp	xnp	xnp	"$1,179,799.00"	"$1,400,235.00"	xnp	"$470,139.00"	"$903,374.00"	Cd.307	xnp	###	
T 434	434	1887	xnp	xnp	xnp	xnp	xnp	xnp	xnp	xnp	xnp	xnp	xnp	xnp	xnp	xnp	xnp	xnp	xnp	xnp	xnp	xnp	xnp	xnp	xnp	xnp	xnp	xnp	xnp	xnp	xnp	xnp	xnp	xnp	xnp	xnp	xnp	xnp	xnp	xnp	xnp	xnp	xnp	xnp	xnp	xnp	xnp	xnp	xnp	xnp	"$1,097,719.00"	"$1,349,712.00"	xnp	"$477,607.00"	"$785,499.00"	Cd.307	xnp	###	
T 436	436	1888	xnp	xnp	xnp	xnp	xnp	xnp	xnp	xnp	xnp	xnp	xnp	xnp	xnp	xnp	xnp	xnp	xnp	xnp	xnp	xnp	xnp	xnp	xnp	xnp	xnp	xnp	xnp	xnp	xnp	xnp	xnp	xnp	xnp	xnp	xnp	xnp	xnp	xnp	xnp	xnp	xnp	xnp	xnp	xnp	xnp	xnp	xnp	xnp	"$1,808,321.00"	"$1,865,869.00"	xnp	"$837,101.00"	"$887,895.00"	Cd.307	xnp	###	
T 438	438	1889	xnp	xnp	xnp	xnp	xnp	xnp	xnp	xnp	xnp	xnp	xnp	xnp	xnp	xnp	xnp	xnp	xnp	xnp	xnp	xnp	xnp	xnp	xnp	xnp	xnp	xnp	xnp	xnp	xnp	xnp	xnp	xnp	xnp	xnp	xnp	xnp	xnp	xnp	xnp	xnp	xnp	xnp	xnp	xnp	xnp	xnp	xnp	xnp	"$2,278,152.00"	"$2,635,436.00"	xnp	"$1,096,940.00"	"$1,427,711.00"	Cd.307	xnp	###	
T 440	440	1890	xnp	xnp	xnp	xnp	xnp	xnp	xnp	xnp	xnp	xnp	xnp	xnp	xnp	xnp	xnp	xnp	xnp	xnp	xnp	xnp	xnp	xnp	xnp	xnp	xnp	xnp	xnp	xnp	xnp	xnp	xnp	xnp	xnp	xnp	xnp	xnp	xnp	xnp	xnp	xnp	xnp	xnp	xnp	xnp	xnp	xnp	xnp	xnp	"$1,829,481.00"	"$1,866,097.00"	xnp	"$855,217.00"	"$1,108,249.00"	Cd.307	xnp	###	
T 442	442	1891	xnp	xnp	xnp	xnp	xnp	xnp	xnp	xnp	xnp	xnp	xnp	xnp	xnp	xnp	xnp	xnp	xnp	xnp	xnp	xnp	xnp	xnp	xnp	xnp	xnp	xnp	xnp	xnp	xnp	xnp	xnp	xnp	xnp	xnp	xnp	xnp	xnp	xnp	xnp	xnp	xnp	xnp	xnp	xnp	xnp	xnp	xnp	xnp	"$2,478,428.00"	"$2,554,061.00"	xnp	"$1,020,656.00"	"$1,407,760.00"	Cd.307	xnp	###	
T 444	444	1892	xnp	xnp	xnp	xnp	xnp	xnp	xnp	xnp	xnp	xnp	xnp	xnp	xnp	xnp	xnp	xnp	xnp	xnp	xnp	xnp	xnp	xnp	xnp	xnp	xnp	xnp	xnp	xnp	xnp	xnp	xnp	xnp	xnp	xnp	xnp	xnp	xnp	xnp	xnp	xnp	xnp	xnp	xnp	xnp	xnp	xnp	xnp	xnp	"$2,034,794.00"	"$2,016,494.00"	xnp	"$790,015.00"	"$921,618.00"	Cd.307	xnp	###	
T 446	446	1893	xnp	xnp	xnp	xnp	xnp	xnp	xnp	xnp	xnp	xnp	xnp	xnp	xnp	xnp	xnp	xnp	xnp	xnp	xnp	xnp	xnp	xnp	xnp	xnp	xnp	xnp	xnp	xnp	xnp	xnp	xnp	xnp	xnp	xnp	xnp	xnp	xnp	xnp	xnp	xnp	xnp	xnp	xnp	xnp	xnp	xnp	xnp	xnp	"$1,515,457.00"	"$2,214,788.00"	xnp	"$580,567.00"	"$1,230,493.00"	Cd.307	xnp	###	
T 448	448	1894	xnp	xnp	xnp	xnp	xnp	xnp	xnp	xnp	xnp	xnp	xnp	xnp	xnp	xnp	xnp	xnp	xnp	xnp	xnp	xnp	xnp	xnp	xnp	xnp	xnp	xnp	xnp	xnp	xnp	xnp	xnp	xnp	xnp	xnp	xnp	xnp	xnp	xnp	xnp	xnp	xnp	xnp	xnp	xnp	xnp	xnp	xnp	xnp	"$789,215.00"	"$1,274,788.00"	xnp	xnp	xnp	C.7944-14	xnp	###	
T 450	450	1895	xnp	xnp	xnp	xnp	xnp	xnp	xnp	xnp	xnp	xnp	xnp	xnp	xnp	xnp	xnp	xnp	xnp	xnp	xnp	xnp	xnp	xnp	xnp	xnp	xnp	xnp	xnp	xnp	xnp	xnp	xnp	xnp	xnp	xnp	xnp	xnp	xnp	xnp	xnp	xnp	xnp	xnp	xnp	xnp	xnp	xnp	xnp	xnp	"$1,367,778.00"	"$1,208,155.00"	xnp	"$402,533.00"	"$552,177.00"	Cd.307	xnp	###	
T 452	452	1896	xnp	xnp	xnp	xnp	xnp	xnp	xnp	xnp	xnp	xnp	xnp	xnp	xnp	xnp	xnp	xnp	xnp	xnp	xnp	xnp	xnp	xnp	xnp	xnp	xnp	xnp	xnp	xnp	xnp	xnp	xnp	xnp	xnp	xnp	xnp	xnp	xnp	xnp	xnp	xnp	xnp	xnp	xnp	xnp	xnp	xnp	xnp	xnp	"$1,376,243.00"	"$1,297,172.00"	xnp	"$492,304.00"	"$715,600.00"	Cd.307	xnp	###	
T 454	454	1897	xnp	xnp	xnp	xnp	xnp	xnp	xnp	xnp	xnp	xnp	xnp	xnp	xnp	xnp	xnp	xnp	xnp	xnp	xnp	xnp	xnp	xnp	xnp	xnp	xnp	xnp	xnp	xnp	xnp	xnp	xnp	xnp	xnp	xnp	xnp	xnp	xnp	xnp	xnp	xnp	xnp	xnp	xnp	xnp	xnp	xnp	xnp	xnp	"$1,338,100.00"	"$1,321,436.00"	xnp	"$457,728.00"	"$724,394.00"	Cd.307	xnp	###	
T 456	456	1898	xnp	xnp	xnp	xnp	xnp	xnp	xnp	xnp	xnp	xnp	xnp	xnp	xnp	xnp	xnp	xnp	xnp	xnp	xnp	xnp	xnp	xnp	xnp	xnp	xnp	xnp	xnp	xnp	xnp	xnp	xnp	xnp	xnp	xnp	xnp	xnp	xnp	xnp	xnp	xnp	xnp	xnp	xnp	xnp	xnp	xnp	xnp	xnp	"$1,176,246.00"	"$1,207,971.00"	xnp	"$395,684.00"	"$803,535.00"	Cd.7165	xnp	###	
T 458	458	1899	xnp	xnp	xnp	xnp	xnp	xnp	xnp	xnp	xnp	xnp	xnp	xnp	xnp	xnp	xnp	xnp	xnp	xnp	xnp	xnp	xnp	xnp	xnp	xnp	xnp	xnp	xnp	xnp	xnp	xnp	xnp	xnp	xnp	xnp	xnp	xnp	xnp	xnp	xnp	xnp	xnp	xnp	xnp	xnp	xnp	xnp	xnp	xnp	"$971,460.00"	"$1,204,226.00"	xnp	"$396,215.00"	"$810,323.00"	Cd.7165	xnp	###	
T 460	460	1900	xnp	xnp	xnp	xnp	xnp	xnp	xnp	xnp	xnp	xnp	xnp	xnp	xnp	xnp	xnp	xnp	xnp	xnp	xnp	xnp	xnp	xnp	xnp	xnp	xnp	xnp	xnp	xnp	xnp	xnp	xnp	xnp	xnp	xnp	xnp	xnp	xnp	xnp	xnp	xnp	xnp	xnp	xnp	xnp	xnp	xnp	xnp	xnp	"$1,129,027.00"	"$1,224,897.00"	xnp	"$354,288.00"	"$577,868.00"	Cd.7165	xnp	###	
T 462	462	1901	xnp	xnp	xnp	xnp	xnp	xnp	xnp	xnp	xnp	xnp	xnp	xnp	xnp	xnp	xnp	xnp	xnp	xnp	xnp	xnp	xnp	xnp	xnp	xnp	xnp	xnp	xnp	xnp	xnp	xnp	xnp	xnp	xnp	xnp	xnp	xnp	xnp	xnp	xnp	xnp	xnp	xnp	xnp	xnp	xnp	xnp	xnp	xnp	"$1,155,804.00"	"$1,306,866.00"	xnp	"$351,775.00"	"$598,886.00"	Cd.7165	xnp	###	
T 464	464	1902	xnp	xnp	xnp	xnp	xnp	xnp	xnp	xnp	xnp	xnp	xnp	xnp	xnp	xnp	xnp	xnp	xnp	xnp	xnp	xnp	xnp	xnp	xnp	xnp	xnp	xnp	xnp	xnp	xnp	xnp	xnp	xnp	xnp	xnp	xnp	xnp	xnp	xnp	xnp	xnp	xnp	xnp	xnp	xnp	xnp	xnp	xnp	xnp	"$1,155,213.00"	"$1,281,673.00"	xnp	"$317,358.00"	"$392,595.00"	Cd.7165	xnp	###	
T 466	466	1903	xnp	xnp	xnp	xnp	xnp	xnp	xnp	xnp	xnp	xnp	xnp	xnp	xnp	xnp	xnp	xnp	xnp	xnp	xnp	xnp	xnp	xnp	xnp	xnp	xnp	xnp	xnp	xnp	xnp	xnp	xnp	xnp	xnp	xnp	xnp	xnp	xnp	xnp	xnp	xnp	xnp	xnp	xnp	xnp	xnp	xnp	xnp	xnp	"$1,668,153.00"	"$1,743,613.00"	xnp	"$436,486.00"	"$319,231.00"	Cd.7165	xnp	###	
T 468	468	1904	xnp	xnp	xnp	xnp	xnp	xnp	xnp	xnp	xnp	xnp	xnp	xnp	xnp	xnp	xnp	xnp	xnp	xnp	xnp	xnp	xnp	xnp	xnp	xnp	xnp	xnp	xnp	xnp	xnp	xnp	xnp	xnp	xnp	xnp	xnp	xnp	xnp	xnp	xnp	xnp	xnp	xnp	xnp	xnp	xnp	xnp	xnp	xnp	"$1,653,423.00"	"$1,753,674.00"	xnp	"$439,813.00"	"$393,721.00"	Cd.7165	xnp	###	
T 470	470	1905	xnp	xnp	xnp	xnp	xnp	xnp	xnp	xnp	xnp	xnp	xnp	xnp	xnp	xnp	xnp	xnp	xnp	xnp	xnp	xnp	xnp	xnp	xnp	xnp	xnp	xnp	xnp	xnp	xnp	xnp	xnp	xnp	xnp	xnp	xnp	xnp	xnp	xnp	xnp	xnp	xnp	xnp	xnp	xnp	xnp	xnp	xnp	xnp	"$1,765,611.00"	"$1,726,746.00"	xnp	"$466,554.00"	"$442,917.00"	Cd.7165	xnp	###	
T 472	472	1906	xnp	xnp	xnp	xnp	xnp	xnp	xnp	xnp	xnp	xnp	xnp	xnp	xnp	xnp	xnp	xnp	xnp	xnp	xnp	xnp	xnp	xnp	xnp	xnp	xnp	xnp	xnp	xnp	xnp	xnp	xnp	xnp	xnp	xnp	xnp	xnp	xnp	xnp	xnp	xnp	xnp	xnp	xnp	xnp	xnp	xnp	xnp	xnp	"$2,070,437.00"	"$1,899,637.00"	xnp	"$552,725.00"	"$542,174.00"	Cd.7165	xnp	###	
T 474	474	1907	xnp	xnp	xnp	xnp	xnp	xnp	xnp	xnp	xnp	xnp	xnp	xnp	xnp	xnp	xnp	xnp	xnp	xnp	xnp	xnp	xnp	xnp	xnp	xnp	xnp	xnp	xnp	xnp	xnp	xnp	xnp	xnp	xnp	xnp	xnp	xnp	xnp	xnp	xnp	xnp	xnp	xnp	xnp	xnp	xnp	xnp	xnp	xnp	"$2,272,898.00"	"$2,080,315.00"	xnp	"$625,691.00"	"$427,253.00"	Cd.7165	xnp	###	
T 476	476	1908	xnp	xnp	xnp	xnp	xnp	xnp	xnp	xnp	xnp	xnp	xnp	xnp	xnp	xnp	xnp	xnp	xnp	xnp	xnp	xnp	xnp	xnp	xnp	xnp	xnp	xnp	xnp	xnp	xnp	xnp	xnp	xnp	xnp	xnp	xnp	xnp	xnp	xnp	xnp	xnp	xnp	xnp	xnp	xnp	xnp	xnp	xnp	xnp	"$2,518,604.00"	"$2,071,623.00"	xnp	"$649,634.00"	"$449,874.00"	Cd.7165	xnp	###	
T 478	478	1909	xnp	xnp	xnp	xnp	xnp	xnp	xnp	xnp	xnp	xnp	xnp	xnp	xnp	xnp	xnp	xnp	xnp	xnp	xnp	xnp	xnp	xnp	xnp	xnp	xnp	xnp	xnp	xnp	xnp	xnp	xnp	xnp	xnp	xnp	xnp	xnp	xnp	xnp	xnp	xnp	xnp	xnp	xnp	xnp	xnp	xnp	xnp	xnp	"$2,544,365.00"	"$2,078,420.00"	xnp	"$519,215.00"	"$334,802.00"	Cd.7165 / Cmd. 2738	xnp	###	
T 480	480	1910	xnp	xnp	xnp	xnp	xnp	xnp	xnp	xnp	xnp	xnp	xnp	xnp	xnp	xnp	xnp	xnp	xnp	xnp	xnp	xnp	xnp	xnp	xnp	xnp	xnp	xnp	xnp	xnp	xnp	xnp	xnp	xnp	xnp	xnp	xnp	xnp	xnp	xnp	xnp	xnp	xnp	xnp	xnp	xnp	xnp	xnp	xnp	xnp	"$2,652,539.00"	"$2,205,772.00"	xnp	"$565,362.00"	"$310,007.00"	Cd.7165 / Cmd. 2738	xnp	###	
T 482	482	1911	xnp	xnp	xnp	xnp	xnp	xnp	xnp	xnp	xnp	xnp	xnp	xnp	xnp	xnp	xnp	xnp	xnp	xnp	xnp	xnp	xnp	xnp	xnp	xnp	xnp	xnp	xnp	xnp	xnp	xnp	xnp	xnp	xnp	xnp	xnp	xnp	xnp	xnp	xnp	xnp	xnp	xnp	xnp	xnp	xnp	xnp	xnp	xnp	"$2,716,007.00"	"$2,527,054.00"	xnp	"$584,248.00"	"$315,633.00"	Cd.7165 / Cmd. 2738	xnp	###	
T 484	484	1912	xnp	xnp	xnp	xnp	xnp	xnp	xnp	xnp	xnp	xnp	xnp	xnp	xnp	xnp	xnp	xnp	xnp	xnp	xnp	xnp	xnp	xnp	xnp	xnp	xnp	xnp	xnp	xnp	xnp	xnp	xnp	xnp	xnp	xnp	xnp	xnp	xnp	xnp	xnp	xnp	xnp	xnp	xnp	xnp	xnp	xnp	xnp	xnp	"$3,290,162.00"	"$2,687,280.00"	xnp	"$627,343.00"	"$291,048.00"	Cd.7165 / Cmd. 2738	xnp	###	
T 486	486	1913	xnp	xnp	xnp	xnp	xnp	xnp	xnp	xnp	xnp	xnp	xnp	xnp	xnp	xnp	xnp	xnp	xnp	xnp	xnp	xnp	xnp	xnp	xnp	xnp	xnp	xnp	xnp	xnp	xnp	xnp	xnp	xnp	xnp	xnp	xnp	xnp	xnp	xnp	xnp	xnp	xnp	xnp	xnp	xnp	xnp	xnp	xnp	xnp	"$2,997,040.00"	"$2,941,395.00"	xnp	xnp	xnp	Cmd. 2738	xnp	###	
T 488	488	1914	xnp	xnp	xnp	xnp	xnp	xnp	xnp	xnp	xnp	xnp	xnp	xnp	xnp	xnp	xnp	xnp	xnp	xnp	xnp	xnp	xnp	xnp	xnp	xnp	xnp	xnp	xnp	xnp	xnp	xnp	xnp	xnp	xnp	xnp	xnp	xnp	xnp	xnp	xnp	xnp	xnp	xnp	xnp	xnp	xnp	xnp	xnp	xnp	"$2,804,196.00"	"$2,746,207.00"	xnp	xnp	xnp	Cmd. 2738	xnp	###	
T 490	490	1915	xnp	xnp	xnp	xnp	xnp	xnp	xnp	xnp	xnp	xnp	xnp	xnp	xnp	xnp	xnp	xnp	xnp	xnp	xnp	xnp	xnp	xnp	xnp	xnp	xnp	xnp	xnp	xnp	xnp	xnp	xnp	xnp	xnp	xnp	xnp	xnp	xnp	xnp	xnp	xnp	xnp	xnp	xnp	xnp	xnp	xnp	xnp	xnp	"$2,021,905.00"	"$2,103,705.00"	xnp	xnp	xnp	Cmd. 2738	xnp	###	
T 492	492	1916	xnp	xnp	xnp	xnp	xnp	xnp	xnp	xnp	xnp	xnp	xnp	xnp	xnp	xnp	xnp	xnp	xnp	xnp	xnp	xnp	xnp	xnp	xnp	xnp	xnp	xnp	xnp	xnp	xnp	xnp	xnp	xnp	xnp	xnp	xnp	xnp	xnp	xnp	xnp	xnp	xnp	xnp	xnp	xnp	xnp	xnp	xnp	xnp	"$2,430,854.00"	"$2,413,964.00"	xnp	xnp	xnp	Cmd. 2738	xnp	###	
T 494	494	1917	xnp	xnp	xnp	xnp	xnp	xnp	xnp	xnp	xnp	xnp	xnp	xnp	xnp	xnp	xnp	xnp	xnp	xnp	xnp	xnp	xnp	xnp	xnp	xnp	xnp	xnp	xnp	xnp	xnp	xnp	xnp	xnp	xnp	xnp	xnp	xnp	xnp	xnp	xnp	xnp	xnp	xnp	xnp	xnp	xnp	xnp	xnp	xnp	"$2,628,600.00"	"$2,637,246.00"	xnp	xnp	xnp	Cmd. 2738	xnp	###	
T 496	496	1918	xnp	xnp	xnp	xnp	xnp	xnp	xnp	xnp	xnp	xnp	xnp	xnp	xnp	xnp	xnp	xnp	xnp	xnp	xnp	xnp	xnp	xnp	xnp	xnp	xnp	xnp	xnp	xnp	xnp	xnp	xnp	xnp	xnp	xnp	xnp	xnp	xnp	xnp	xnp	xnp	xnp	xnp	xnp	xnp	xnp	xnp	xnp	xnp	"$3,354,619.00"	"$3,451,757.00"	xnp	xnp	xnp	Cmd. 2738	xnp	###	
T 498	498	1919	xnp	xnp	xnp	xnp	xnp	xnp	xnp	xnp	xnp	xnp	xnp	xnp	xnp	xnp	xnp	xnp	xnp	xnp	xnp	xnp	xnp	xnp	xnp	xnp	xnp	xnp	xnp	xnp	xnp	xnp	xnp	xnp	xnp	xnp	xnp	xnp	xnp	xnp	xnp	xnp	xnp	xnp	xnp	xnp	xnp	xnp	xnp	xnp	"$4,417,623.00"	"$4,185,782.00"	xnp	xnp	xnp	Cmd. 2738	xnp	###	
T 500	500	1920	xnp	xnp	xnp	xnp	xnp	xnp	xnp	xnp	xnp	xnp	xnp	xnp	xnp	xnp	xnp	xnp	xnp	xnp	xnp	xnp	xnp	xnp	xnp	xnp	xnp	xnp	xnp	xnp	xnp	xnp	xnp	xnp	xnp	xnp	xnp	xnp	xnp	xnp	xnp	xnp	xnp	xnp	xnp	xnp	xnp	xnp	xnp	xnp	"$5,529,266.00"	"$4,747,359.00"	xnp	xnp	xnp	Cmd. 2738	xnp	###	
T 502	502	1921	xnp	xnp	xnp	xnp	xnp	xnp	xnp	xnp	xnp	xnp	xnp	xnp	xnp	xnp	xnp	xnp	xnp	xnp	xnp	xnp	xnp	xnp	xnp	xnp	xnp	xnp	xnp	xnp	xnp	xnp	xnp	xnp	xnp	xnp	xnp	xnp	xnp	xnp	xnp	xnp	xnp	xnp	xnp	xnp	xnp	xnp	xnp	xnp	"$3,145,475.00"	"$2,865,403.00"	xnp	xnp	xnp	Cmd. 2738	xnp	###	
T 504	504	1922	xnp	xnp	xnp	xnp	xnp	xnp	xnp	xnp	xnp	xnp	xnp	xnp	xnp	xnp	xnp	xnp	xnp	xnp	xnp	xnp	xnp	xnp	xnp	xnp	xnp	xnp	xnp	xnp	xnp	xnp	xnp	xnp	xnp	xnp	xnp	xnp	xnp	xnp	xnp	xnp	xnp	xnp	xnp	xnp	xnp	xnp	xnp	xnp	"$3,095,863.00"	"$1,374,564.00"	"$1,267,040.00"	xnp	xnp	Cmd. 3434	"Exp = FOB, exc export duty, for > 1921"	###	
T 506	506	1923	xnp	xnp	xnp	xnp	xnp	xnp	xnp	xnp	xnp	xnp	xnp	xnp	xnp	xnp	xnp	xnp	xnp	xnp	xnp	xnp	xnp	xnp	xnp	xnp	xnp	xnp	xnp	xnp	xnp	xnp	xnp	xnp	xnp	xnp	xnp	xnp	xnp	xnp	xnp	xnp	xnp	xnp	xnp	xnp	xnp	xnp	xnp	xnp	"$3,798,030.00"	"$1,244,831.00"	"$1,757,015.00"	xnp	xnp	Cmd. 3434	"Imports = net value, exc outside packages, insurance, freight, duty, for > 1921"	###	
T 508	508	1924	xnp	xnp	xnp	xnp	xnp	xnp	xnp	xnp	xnp	xnp	xnp	xnp	xnp	xnp	xnp	xnp	xnp	xnp	xnp	xnp	xnp	xnp	xnp	xnp	xnp	xnp	xnp	xnp	xnp	xnp	xnp	xnp	xnp	xnp	xnp	xnp	xnp	xnp	xnp	xnp	xnp	xnp	xnp	xnp	xnp	xnp	xnp	xnp	"$3,664,040.00"	"$1,537,623.00"	"$1,591,520.00"	xnp	xnp	Cmd. 3434	xnp	###	
T 510	510	1925	xnp	xnp	xnp	xnp	xnp	xnp	xnp	xnp	xnp	xnp	xnp	xnp	xnp	xnp	xnp	xnp	xnp	xnp	xnp	xnp	xnp	xnp	xnp	xnp	xnp	xnp	xnp	xnp	xnp	xnp	xnp	xnp	xnp	xnp	xnp	xnp	xnp	xnp	xnp	xnp	xnp	xnp	xnp	xnp	xnp	xnp	xnp	xnp	"$4,248,174.00"	"$1,517,717.00"	"$1,846,656.00"	xnp	xnp	Cmd. 3434	xnp	###	
T 512	512	1926	xnp	xnp	xnp	xnp	xnp	xnp	xnp	xnp	xnp	xnp	xnp	xnp	xnp	xnp	xnp	xnp	xnp	xnp	xnp	xnp	xnp	xnp	xnp	xnp	xnp	xnp	xnp	xnp	xnp	xnp	xnp	xnp	xnp	xnp	xnp	xnp	xnp	xnp	xnp	xnp	xnp	xnp	xnp	xnp	xnp	xnp	xnp	xnp	"$4,764,908.00"	"$1,798,856.00"	"$1,894,978.00"	xnp	xnp	Cmd. 5298	xnp	###	
T 514	514	1927	xnp	xnp	xnp	xnp	xnp	xnp	xnp	xnp	xnp	xnp	xnp	xnp	xnp	xnp	xnp	xnp	xnp	xnp	xnp	xnp	xnp	xnp	xnp	xnp	xnp	xnp	xnp	xnp	xnp	xnp	xnp	xnp	xnp	xnp	xnp	xnp	xnp	xnp	xnp	xnp	xnp	xnp	xnp	xnp	xnp	xnp	xnp	xnp	"$4,229,371.00"	"$2,457,978.00"	"$1,817,165.00"	xnp	xnp	Cmd. 5298	xnp	###	
T 516	516	1928	xnp	xnp	xnp	xnp	xnp	xnp	xnp	xnp	xnp	xnp	xnp	xnp	xnp	xnp	xnp	xnp	xnp	xnp	xnp	xnp	xnp	xnp	xnp	xnp	xnp	xnp	xnp	xnp	xnp	xnp	xnp	xnp	xnp	xnp	xnp	xnp	xnp	xnp	xnp	xnp	xnp	xnp	xnp	xnp	xnp	xnp	xnp	xnp	"$4,192,753.00"	"$1,753,083.00"	"$2,050,604.00"	xnp	xnp	Cmd. 5298	xnp	###	
T 518	518	1929	xnp	xnp	xnp	xnp	xnp	xnp	xnp	xnp	xnp	xnp	xnp	xnp	xnp	xnp	xnp	xnp	xnp	xnp	xnp	xnp	xnp	xnp	xnp	xnp	xnp	xnp	xnp	xnp	xnp	xnp	xnp	xnp	xnp	xnp	xnp	xnp	xnp	xnp	xnp	xnp	xnp	xnp	xnp	xnp	xnp	xnp	xnp	xnp	"$4,755,753.00"	"$1,812,587.00"	"$2,760,076.00"	xnp	xnp	Cmd. 5298	xnp	###	
T 520	520	1930	xnp	xnp	xnp	xnp	xnp	xnp	xnp	xnp	xnp	xnp	xnp	xnp	xnp	xnp	xnp	xnp	xnp	xnp	xnp	xnp	xnp	xnp	xnp	xnp	xnp	xnp	xnp	xnp	xnp	xnp	xnp	xnp	xnp	xnp	xnp	xnp	xnp	xnp	xnp	xnp	xnp	xnp	xnp	xnp	xnp	xnp	xnp	xnp	"$4,632,168.00"	"$1,318,245.00"	"$2,943,166.00"	xnp	xnp	Cmd. 5298	xnp	###	
T 522	522	1931	xnp	xnp	xnp	xnp	xnp	xnp	xnp	xnp	xnp	xnp	xnp	xnp	xnp	xnp	xnp	xnp	xnp	xnp	xnp	xnp	xnp	xnp	xnp	xnp	xnp	xnp	xnp	xnp	xnp	xnp	xnp	xnp	xnp	xnp	xnp	xnp	xnp	xnp	xnp	xnp	xnp	xnp	xnp	xnp	xnp	xnp	xnp	xnp	"$4,412,460.00"	"$599,619.00"	"$2,293,198.00"	xnp	xnp	Cmd. 5298	xnp	###	
T 524	524	1932	xnp	xnp	xnp	xnp	xnp	xnp	xnp	xnp	xnp	xnp	xnp	xnp	xnp	xnp	xnp	xnp	xnp	xnp	xnp	xnp	xnp	xnp	xnp	xnp	xnp	xnp	xnp	xnp	xnp	xnp	xnp	xnp	xnp	xnp	xnp	xnp	xnp	xnp	xnp	xnp	xnp	xnp	xnp	xnp	xnp	xnp	xnp	xnp	"$2,961,475.00"	"$384,488.00"	"$1,405,213.00"	xnp	xnp	Cmd. 5298	xnp	###	
T 526	526	1933	xnp	xnp	xnp	xnp	xnp	xnp	xnp	xnp	xnp	xnp	xnp	xnp	xnp	xnp	xnp	xnp	xnp	xnp	xnp	xnp	xnp	xnp	xnp	xnp	xnp	xnp	xnp	xnp	xnp	xnp	xnp	xnp	xnp	xnp	xnp	xnp	xnp	xnp	xnp	xnp	xnp	xnp	xnp	xnp	xnp	xnp	xnp	xnp	"$1,798,856.00"	"$462,301.00"	"$627,082.00"	xnp	xnp	Cmd. 5298	xnp	###	
T 528	528	1934	xnp	xnp	xnp	xnp	xnp	xnp	xnp	xnp	xnp	xnp	xnp	xnp	xnp	xnp	xnp	xnp	xnp	xnp	xnp	xnp	xnp	xnp	xnp	xnp	xnp	xnp	xnp	xnp	xnp	xnp	xnp	xnp	xnp	xnp	xnp	xnp	xnp	xnp	xnp	xnp	xnp	xnp	xnp	xnp	xnp	xnp	xnp	xnp	"$1,716,465.00"	"$787,285.00"	"$563,001.00"	xnp	xnp	Cmd. 6140	xnp	###	
T 530	530	1935	xnp	xnp	xnp	xnp	xnp	xnp	xnp	xnp	xnp	xnp	xnp	xnp	xnp	xnp	xnp	xnp	xnp	xnp	xnp	xnp	xnp	xnp	xnp	xnp	xnp	xnp	xnp	xnp	xnp	xnp	xnp	xnp	xnp	xnp	xnp	xnp	xnp	xnp	xnp	xnp	xnp	xnp	xnp	xnp	xnp	xnp	xnp	xnp	"$2,499,174.00"	"$869,676.00"	"$709,472.00"	xnp	xnp	Cmd. 6140	xnp	###	
T 532	532	1936	xnp	xnp	xnp	xnp	xnp	xnp	xnp	xnp	xnp	xnp	xnp	xnp	xnp	xnp	xnp	xnp	xnp	xnp	xnp	xnp	xnp	xnp	xnp	xnp	xnp	xnp	xnp	xnp	xnp	xnp	xnp	xnp	xnp	xnp	xnp	xnp	xnp	xnp	xnp	xnp	xnp	"£658,000.00"	"£270,000.00"	"£208,000.00"	xnp	xnp	Cmd. 7224	xnp	"$3,011,825.00"	"$1,235,855.00"	"$952,066.00"	xnp	xnp	Cmd. 6140	xnp	###	
T 534	534	1937	xnp	xnp	xnp	xnp	xnp	xnp	xnp	xnp	xnp	xnp	xnp	xnp	xnp	xnp	xnp	xnp	xnp	xnp	xnp	xnp	xnp	xnp	xnp	xnp	xnp	xnp	xnp	xnp	xnp	xnp	xnp	xnp	xnp	xnp	xnp	xnp	xnp	xnp	xnp	xnp	xnp	"£801,000.00"	"£286,000.00"	"£232,000.00"	xnp	xnp	Cmd. 7224	xnp	"$3,680,102.00"	"$1,313,668.00"	"$1,066,497.00"	xnp	xnp	Cmd. 6140	xnp	###	
T 536	536	1938	xnp	xnp	xnp	xnp	xnp	xnp	xnp	xnp	xnp	xnp	xnp	xnp	xnp	xnp	xnp	xnp	xnp	xnp	xnp	xnp	xnp	xnp	xnp	xnp	xnp	xnp	xnp	xnp	xnp	xnp	xnp	xnp	xnp	xnp	xnp	xnp	xnp	xnp	xnp	xnp	xnp	"£821,000.00"	"£372,000.00"	"£293,000.00"	xnp	xnp	Cmd. 7224	xnp	"$3,702,988.00"	"$1,679,847.00"	"$1,322,823.00"	xnp	xnp	Cmd. 6140	xnp	###	
T 538	538	1939	xnp	xnp	xnp	xnp	xnp	xnp	xnp	xnp	xnp	xnp	xnp	xnp	xnp	xnp	xnp	xnp	xnp	xnp	xnp	xnp	xnp	xnp	xnp	xnp	xnp	xnp	xnp	xnp	xnp	xnp	xnp	xnp	xnp	xnp	xnp	xnp	xnp	xnp	xnp	xnp	xnp	"£795,000.00"	"£311,000.00"	"£245,000.00"	xnp	xnp	Cmd. 7224	xnp	"$3,532,320.00"	"$2,519,900.00"	xnp	xnp	xnp	Cmd. 7167	xnp	###	
T 540	540	1940	xnp	xnp	xnp	xnp	xnp	xnp	xnp	xnp	xnp	xnp	xnp	xnp	xnp	xnp	xnp	xnp	xnp	xnp	xnp	xnp	xnp	xnp	xnp	xnp	xnp	xnp	xnp	xnp	xnp	xnp	xnp	xnp	xnp	xnp	xnp	xnp	xnp	xnp	xnp	xnp	xnp	"£823,000.00"	"£402,000.00"	"£349,000.00"	xnp	xnp	Cmd. 7224	xnp	"$3,316,690.00"	"$3,038,620.00"	xnp	xnp	xnp	Cmd. 7167	xnp	###	
T 542	542	1941	xnp	xnp	xnp	xnp	xnp	xnp	xnp	xnp	xnp	xnp	xnp	xnp	xnp	xnp	xnp	xnp	xnp	xnp	xnp	xnp	xnp	xnp	xnp	xnp	xnp	xnp	xnp	xnp	xnp	xnp	xnp	xnp	xnp	xnp	xnp	xnp	xnp	xnp	xnp	xnp	xnp	"£931,000.00"	"£439,000.00"	"£394,000.00"	xnp	xnp	Cmd. 7224	xnp	"$3,751,930.00"	"$3,356,990.00"	xnp	xnp	xnp	Cmd. 7167	xnp	###	
T 544	544	1942	xnp	xnp	xnp	xnp	xnp	xnp	xnp	xnp	xnp	xnp	xnp	xnp	xnp	xnp	xnp	xnp	xnp	xnp	xnp	xnp	xnp	xnp	xnp	xnp	xnp	xnp	xnp	xnp	xnp	xnp	xnp	xnp	xnp	xnp	xnp	xnp	xnp	xnp	xnp	xnp	xnp	"£983,000.00"	"£311,000.00"	"£323,000.00"	xnp	xnp	Cmd. 7224	xnp	"$3,965,520.00"	"$2,555,020.00"	xnp	xnp	xnp	Cmd. 7167	xnp	###	
T 546	546	1943	xnp	xnp	xnp	xnp	xnp	xnp	xnp	xnp	xnp	xnp	xnp	xnp	xnp	xnp	xnp	xnp	xnp	xnp	xnp	xnp	xnp	xnp	xnp	xnp	xnp	xnp	xnp	xnp	xnp	xnp	xnp	xnp	xnp	xnp	xnp	xnp	xnp	xnp	xnp	xnp	xnp	"£1,410,000.00"	"£441,000.00"	"£488,000.00"	xnp	xnp	Cmd. 7224	xnp	"$5,686,330.00"	"$3,743,870.00"	xnp	xnp	xnp	Cmd. 7167	xnp	###	
T 548	548	1944	xnp	xnp	xnp	xnp	xnp	xnp	xnp	xnp	xnp	xnp	xnp	xnp	xnp	xnp	xnp	xnp	xnp	xnp	xnp	xnp	xnp	xnp	xnp	xnp	xnp	xnp	xnp	xnp	xnp	xnp	xnp	xnp	xnp	xnp	xnp	xnp	xnp	xnp	xnp	xnp	xnp	"£1,827,000.00"	"£462,000.00"	"£1,049,000.00"	xnp	xnp	Cmd. 7224	xnp	"$7,362,810.00"	"$6,085,300.00"	xnp	xnp	xnp	Cmd. 7167	xnp	###	
T 550	550	1945	xnp	xnp	xnp	xnp	xnp	xnp	xnp	xnp	xnp	xnp	xnp	xnp	xnp	xnp	xnp	xnp	xnp	xnp	xnp	xnp	xnp	xnp	xnp	xnp	xnp	xnp	xnp	xnp	xnp	xnp	xnp	xnp	xnp	xnp	xnp	xnp	xnp	xnp	xnp	xnp	xnp	"£1,944,000.00"	"£490,000.00"	"£731,000.00"	xnp	xnp	Cmd. 7224	xnp	"$7,838,350.00"	"$4,920,630.00"	xnp	xnp	xnp	Cmd. 7167	xnp	###	
T 552	552	1946	xnp	xnp	xnp	xnp	xnp	xnp	xnp	xnp	xnp	xnp	xnp	xnp	xnp	xnp	xnp	xnp	xnp	xnp	xnp	xnp	xnp	xnp	xnp	xnp	xnp	xnp	xnp	xnp	xnp	xnp	xnp	xnp	xnp	xnp	xnp	xnp	xnp	xnp	xnp	xnp	xnp	"£1,683,000.00"	"£872,000.00"	"£424,000.00"	xnp	xnp	Cmd. 8051	xnp	"$6,782,490.00"	"$5,222,880.00"	xnp	xnp	xnp	Cmd. 7167	xnp	###	
T 554	554	1947	xnp	xnp	xnp	xnp	xnp	xnp	xnp	xnp	xnp	xnp	xnp	xnp	xnp	xnp	xnp	xnp	xnp	xnp	xnp	xnp	xnp	xnp	xnp	xnp	xnp	xnp	xnp	xnp	xnp	xnp	xnp	xnp	xnp	xnp	xnp	xnp	xnp	xnp	xnp	xnp	xnp	"£2,148,000.00"	"£1,053,000.00"	"£471,000.00"	xnp	xnp	Cmd. 8051	xnp	xnp	xnp	xnp	xnp	xnp	xnp	xnp	###	
T 556	556	1948	xnp	xnp	xnp	xnp	xnp	xnp	xnp	xnp	xnp	xnp	xnp	xnp	xnp	xnp	xnp	xnp	xnp	xnp	xnp	xnp	xnp	xnp	xnp	xnp	xnp	xnp	xnp	xnp	xnp	xnp	xnp	xnp	xnp	xnp	xnp	xnp	xnp	xnp	xnp	xnp	xnp	xnp	xnp	xnp	xnp	xnp	xnp	xnp	"$7,669,906.00"	"$6,142,601.00"	xnp	xnp	xnp	Col Rep 1949	xnp	###	
T 558	558	1949	xnp	xnp	xnp	xnp	xnp	xnp	xnp	xnp	xnp	xnp	xnp	xnp	xnp	xnp	xnp	xnp	xnp	xnp	xnp	xnp	xnp	xnp	xnp	xnp	xnp	xnp	xnp	xnp	xnp	xnp	xnp	xnp	xnp	xnp	xnp	xnp	xnp	xnp	xnp	xnp	xnp	xnp	xnp	xnp	xnp	xnp	xnp	xnp	"$5,620,605.00"	"$4,564,847.00"	xnp	xnp	xnp	Col Rep 1949	xnp	###	
T 560	560	1950	xnp	xnp	xnp	xnp	xnp	xnp	xnp	xnp	xnp	xnp	xnp	xnp	xnp	xnp	xnp	xnp	xnp	xnp	xnp	xnp	xnp	xnp	xnp	xnp	xnp	xnp	xnp	xnp	xnp	xnp	xnp	xnp	xnp	xnp	xnp	xnp	xnp	xnp	xnp	xnp	xnp	xnp	xnp	xnp	xnp	xnp	xnp	xnp	"$8,782,607.00"	"$4,594,936.00"	"$161,711.00"	xnp	xnp	Col Rep 1952	Import = CIF	###	
T 562	562	1951	xnp	xnp	xnp	xnp	xnp	xnp	xnp	xnp	xnp	xnp	xnp	xnp	xnp	xnp	xnp	xnp	xnp	xnp	xnp	xnp	xnp	xnp	xnp	xnp	xnp	xnp	xnp	xnp	xnp	xnp	xnp	xnp	xnp	xnp	xnp	xnp	xnp	xnp	xnp	xnp	xnp	xnp	xnp	xnp	xnp	xnp	xnp	xnp	"$12,407,332.00"	"$5,985,700.00"	"$248,431.00"	xnp	xnp	Col Rep 1952	xnp	###	
T 564	564	1952	xnp	xnp	xnp	xnp	xnp	xnp	xnp	xnp	xnp	xnp	xnp	xnp	xnp	xnp	xnp	xnp	xnp	xnp	xnp	xnp	xnp	xnp	xnp	xnp	xnp	xnp	xnp	xnp	xnp	xnp	xnp	xnp	xnp	xnp	xnp	xnp	xnp	xnp	xnp	xnp	xnp	xnp	xnp	xnp	xnp	xnp	xnp	xnp	"$12,671,851.00"	"$5,615,483.00"	"$574,504.00"	xnp	xnp	Col Rep 1952	xnp	###	
T 566	566	1953	xnp	xnp	xnp	xnp	xnp	xnp	xnp	xnp	xnp	xnp	xnp	xnp	xnp	xnp	xnp	xnp	xnp	xnp	xnp	xnp	xnp	xnp	xnp	xnp	xnp	xnp	xnp	xnp	xnp	xnp	xnp	xnp	xnp	xnp	xnp	xnp	xnp	xnp	xnp	xnp	xnp	xnp	xnp	xnp	xnp	xnp	xnp	xnp	"$11,764,015.00"	"$6,810,486.00"	"$684,421.00"	xnp	xnp	Col Rep 1954	xnp	###	
T 568	568	1954	xnp	xnp	xnp	xnp	xnp	xnp	xnp	xnp	xnp	xnp	xnp	xnp	xnp	xnp	xnp	xnp	xnp	xnp	xnp	xnp	xnp	xnp	xnp	xnp	xnp	xnp	xnp	xnp	xnp	xnp	xnp	xnp	xnp	xnp	xnp	xnp	xnp	xnp	xnp	xnp	xnp	xnp	xnp	xnp	xnp	xnp	xnp	xnp	"$11,409,568.00"	"$6,226,568.00"	"$1,061,258.00"	xnp	xnp	Col Rep 1954	xnp	###	
T 570	570	1955	xnp	xnp	xnp	xnp	xnp	xnp	xnp	xnp	xnp	xnp	xnp	xnp	xnp	xnp	xnp	xnp	xnp	xnp	xnp	xnp	xnp	xnp	xnp	xnp	xnp	xnp	xnp	xnp	xnp	xnp	xnp	xnp	xnp	xnp	xnp	xnp	xnp	xnp	xnp	xnp	xnp	xnp	xnp	xnp	xnp	xnp	xnp	xnp	"$14,339,799.00"	"$7,014,226.00"	"$1,172,649.00"	xnp	xnp	Col Rep 1956	xnp	###	
T 572	572	1956	xnp	xnp	xnp	xnp	xnp	xnp	xnp	xnp	xnp	xnp	xnp	xnp	xnp	xnp	xnp	xnp	xnp	xnp	xnp	xnp	xnp	xnp	xnp	xnp	xnp	xnp	xnp	xnp	xnp	xnp	xnp	xnp	xnp	xnp	xnp	xnp	xnp	xnp	xnp	xnp	xnp	xnp	xnp	xnp	xnp	xnp	xnp	xnp	"$15,850,630.00"	"$7,486,507.00"	"$2,486,533.00"	xnp	xnp	Col Rep 1956	xnp	###	
T 574	574	1957	xnp	xnp	xnp	xnp	xnp	xnp	xnp	xnp	xnp	xnp	xnp	xnp	xnp	xnp	xnp	xnp	xnp	xnp	xnp	xnp	xnp	xnp	xnp	xnp	xnp	xnp	xnp	xnp	xnp	xnp	xnp	xnp	xnp	xnp	xnp	xnp	xnp	xnp	xnp	xnp	xnp	xnp	xnp	xnp	xnp	xnp	xnp	xnp	"$15,108,063.00"	"$7,352,262.00"	"$1,591,139.00"	xnp	xnp	Col Rep 1958	xnp	###	
T 576	576	1958	xnp	xnp	xnp	xnp	xnp	xnp	xnp	xnp	xnp	xnp	xnp	xnp	xnp	xnp	xnp	xnp	xnp	xnp	xnp	xnp	xnp	xnp	xnp	xnp	xnp	xnp	xnp	xnp	xnp	xnp	xnp	xnp	xnp	xnp	xnp	xnp	xnp	xnp	xnp	xnp	xnp	xnp	xnp	xnp	xnp	xnp	xnp	xnp	"$18,516,241.00"	"$7,768,062.00"	"$1,319,813.00"	xnp	xnp	Col Rep 1958	xnp	###	
T 578	578	1959	xnp	xnp	xnp	xnp	xnp	xnp	xnp	xnp	xnp	xnp	xnp	xnp	xnp	xnp	xnp	xnp	xnp	xnp	xnp	xnp	xnp	xnp	xnp	xnp	xnp	xnp	xnp	xnp	xnp	xnp	xnp	xnp	xnp	xnp	xnp	xnp	xnp	xnp	xnp	xnp	xnp	xnp	xnp	xnp	xnp	xnp	xnp	xnp	xnp	xnp	xnp	xnp	xnp	xnp	xnp	###	
T 580	580	1960	xnp	xnp	xnp	xnp	xnp	xnp	xnp	xnp	xnp	xnp	xnp	xnp	xnp	xnp	xnp	xnp	xnp	xnp	xnp	xnp	xnp	xnp	xnp	xnp	xnp	xnp	xnp	xnp	xnp	xnp	xnp	xnp	xnp	xnp	xnp	xnp	xnp	xnp	xnp	xnp	xnp	xnp	xnp	xnp	xnp	xnp	xnp	xnp	"$18,783,607.00"	"$10,164,943.00"	"$1,062,512.00"	xnp	xnp	Col Rep 1959-61	xnp	###	
T 582	582	1961	xnp	xnp	xnp	xnp	xnp	xnp	xnp	xnp	xnp	xnp	xnp	xnp	xnp	xnp	xnp	xnp	xnp	xnp	xnp	xnp	xnp	xnp	xnp	xnp	xnp	xnp	xnp	xnp	xnp	xnp	xnp	xnp	xnp	xnp	xnp	xnp	xnp	xnp	xnp	xnp	xnp	xnp	xnp	xnp	xnp	xnp	xnp	xnp	"$22,708,464.00"	"$11,186,533.00"	"$1,215,769.00"	xnp	xnp	Col Rep 1959-61	xnp	###	
T 584	584	1962	xnp	xnp	xnp	xnp	xnp	xnp	xnp	xnp	xnp	xnp	xnp	xnp	xnp	xnp	xnp	xnp	xnp	xnp	xnp	xnp	xnp	xnp	xnp	xnp	xnp	xnp	xnp	xnp	xnp	xnp	xnp	xnp	xnp	xnp	xnp	xnp	xnp	xnp	xnp	xnp	xnp	xnp	xnp	xnp	xnp	xnp	xnp	xnp	"$31,202,647.00"	"$8,251,986.00"	"$4,128,534.00"	xnp	xnp	Col Rep 1962-63	xnp	###	
T 586	586	1963	xnp	xnp	xnp	xnp	xnp	xnp	xnp	xnp	xnp	xnp	xnp	xnp	xnp	xnp	xnp	xnp	xnp	xnp	xnp	xnp	xnp	xnp	xnp	xnp	xnp	xnp	xnp	xnp	xnp	xnp	xnp	xnp	xnp	xnp	xnp	xnp	xnp	xnp	xnp	xnp	xnp	xnp	xnp	xnp	xnp	xnp	xnp	xnp	"$27,553,446.00"	"$15,430,016.00"	"$3,141,978.00"	xnp	xnp	Col Rep 1962-63	xnp	###	
T 588	588	1964	xnp	xnp	xnp	xnp	xnp	xnp	xnp	xnp	xnp	xnp	xnp	xnp	xnp	xnp	xnp	xnp	xnp	xnp	xnp	xnp	xnp	xnp	xnp	xnp	xnp	xnp	xnp	xnp	xnp	xnp	xnp	xnp	xnp	xnp	xnp	xnp	xnp	xnp	xnp	xnp	xnp	xnp	xnp	xnp	xnp	xnp	xnp	xnp	"$33,900,819.00"	"$17,134,327.00"	"$2,058,366.00"	xnp	xnp	Col Rep 1964-65	xnp	###	
T 590	590	1965	xnp	xnp	xnp	xnp	xnp	xnp	xnp	xnp	xnp	xnp	xnp	xnp	xnp	xnp	xnp	xnp	xnp	xnp	xnp	xnp	xnp	xnp	xnp	xnp	xnp	xnp	xnp	xnp	xnp	xnp	xnp	xnp	xnp	xnp	xnp	xnp	xnp	xnp	xnp	xnp	xnp	xnp	xnp	xnp	xnp	xnp	xnp	xnp	"$34,987,986.00"	"$15,216,520.00"	"$2,246,542.00"	xnp	xnp	Col Rep 1964-65	xnp	###	
T 592	592	1966	xnp	xnp	xnp	xnp	xnp	xnp	xnp	xnp	xnp	xnp	xnp	xnp	xnp	xnp	xnp	xnp	xnp	xnp	xnp	xnp	xnp	xnp	xnp	xnp	xnp	xnp	xnp	xnp	xnp	xnp	xnp	xnp	xnp	xnp	xnp	xnp	xnp	xnp	xnp	xnp	xnp	xnp	xnp	xnp	xnp	xnp	xnp	xnp	xnp	xnp	xnp	xnp	xnp	xnp	xnp	###	
T 594	594	1967	xnp	xnp	xnp	xnp	xnp	xnp	xnp	xnp	xnp	xnp	xnp	xnp	xnp	xnp	xnp	xnp	xnp	xnp	xnp	xnp	xnp	xnp	xnp	xnp	xnp	xnp	xnp	xnp	xnp	xnp	xnp	xnp	xnp	xnp	xnp	xnp	xnp	xnp	xnp	xnp	xnp	xnp	xnp	xnp	xnp	xnp	xnp	xnp	xnp	xnp	xnp	xnp	xnp	xnp	xnp	###	
T 596	596	1968	xnp	xnp	xnp	xnp	xnp	xnp	xnp	xnp	xnp	xnp	xnp	xnp	xnp	xnp	xnp	xnp	xnp	xnp	xnp	xnp	xnp	xnp	xnp	xnp	xnp	xnp	xnp	xnp	xnp	xnp	xnp	xnp	xnp	xnp	xnp	xnp	xnp	xnp	xnp	xnp	xnp	xnp	xnp	xnp	xnp	xnp	xnp	xnp	xnp	xnp	xnp	xnp	xnp	xnp	xnp	###	
T 598	598	1969	xnp	xnp	xnp	xnp	xnp	xnp	xnp	xnp	xnp	xnp	xnp	xnp	xnp	xnp	xnp	xnp	xnp	xnp	xnp	xnp	xnp	xnp	xnp	xnp	xnp	xnp	xnp	xnp	xnp	xnp	xnp	xnp	xnp	xnp	xnp	xnp	xnp	xnp	xnp	xnp	xnp	xnp	xnp	xnp	xnp	xnp	xnp	xnp	xnp	xnp	xnp	xnp	xnp	xnp	xnp	###	
T 600	600	1970	xnp	xnp	xnp	xnp	xnp	xnp	xnp	xnp	xnp	xnp	xnp	xnp	xnp	xnp	xnp	xnp	xnp	xnp	xnp	xnp	xnp	xnp	xnp	xnp	xnp	xnp	xnp	xnp	xnp	xnp	xnp	xnp	xnp	xnp	xnp	xnp	xnp	xnp	xnp	xnp	xnp	xnp	xnp	xnp	xnp	xnp	xnp	xnp	xnp	xnp	xnp	xnp	xnp	xnp	xnp	###	